function,dimension,p_sigma_mode,generator,seed,p_sigma_seed,best_f,evaluations,reached_target
sphere,2,zero,pcg64,1,2000004,5.557567198284204e-09,343,True
sphere,2,zero,pcg64,2,2000005,6.7487603817476984e-09,259,True
sphere,2,zero,pcg64,3,2000006,7.124105458877113e-09,289,True
sphere,2,zero,pcg64,4,2000007,3.4520311297428105e-09,289,True
sphere,2,zero,pcg64,5,2000008,4.1534028364712256e-09,247,True
sphere,2,zero,pcg64,6,2000009,4.713017210400482e-10,271,True
sphere,2,zero,pcg64,7,2000010,8.260521049658782e-09,283,True
sphere,2,zero,pcg64,8,2000011,5.3662407821561625e-11,301,True
sphere,2,zero,pcg64,9,2000012,3.0175613792907674e-10,211,True
sphere,2,zero,pcg64,10,2000013,8.037657179161364e-09,313,True
sphere,2,zero,pcg64,11,2000014,3.84744849037271e-09,253,True
sphere,2,zero,pcg64,12,2000015,1.70609835046532e-10,199,True
sphere,2,zero,pcg64,13,2000016,5.93252512948894e-09,307,True
sphere,2,zero,pcg64,14,2000017,2.719457104675695e-09,283,True
sphere,2,zero,pcg64,15,2000018,6.18074623280615e-09,217,True
sphere,2,zero,pcg64,16,2000019,6.467438179111276e-09,277,True
sphere,2,zero,pcg64,17,2000020,3.3569986809412e-10,295,True
sphere,2,zero,pcg64,18,2000021,8.864204429301483e-09,289,True
sphere,2,zero,pcg64,19,2000022,5.729161301097415e-09,247,True
sphere,2,zero,pcg64,20,2000023,6.8218876336116284e-09,319,True
sphere,2,zero,pcg64,21,2000024,6.9636165554085714e-09,241,True
sphere,2,zero,pcg64,22,2000025,8.824032736551037e-09,283,True
sphere,2,zero,pcg64,23,2000026,3.884680479763969e-11,307,True
sphere,2,zero,pcg64,24,2000027,3.034282998948801e-09,325,True
sphere,2,zero,pcg64,25,2000028,4.076454352985782e-09,283,True
sphere,2,zero,pcg64,26,2000029,4.760426342675116e-10,289,True
sphere,2,zero,pcg64,27,2000030,7.287162130200856e-09,247,True
sphere,2,zero,pcg64,28,2000031,2.1095126131058526e-09,247,True
sphere,2,zero,pcg64,29,2000032,6.598176564598672e-09,277,True
sphere,2,zero,pcg64,30,2000033,2.691443156461009e-09,295,True
sphere,2,zero,mt19937,1,2000004,4.9069287023425425e-09,229,True
sphere,2,zero,mt19937,2,2000005,9.860547035518124e-09,271,True
sphere,2,zero,mt19937,3,2000006,3.5952069665459746e-09,265,True
sphere,2,zero,mt19937,4,2000007,5.525165975616492e-09,247,True
sphere,2,zero,mt19937,5,2000008,5.4587500075767726e-09,247,True
sphere,2,zero,mt19937,6,2000009,8.788768778026075e-09,295,True
sphere,2,zero,mt19937,7,2000010,7.552315958716552e-10,307,True
sphere,2,zero,mt19937,8,2000011,1.3390745566620738e-09,307,True
sphere,2,zero,mt19937,9,2000012,5.581783200702849e-09,313,True
sphere,2,zero,mt19937,10,2000013,6.422580741532645e-09,271,True
sphere,2,zero,mt19937,11,2000014,9.044571084371911e-09,301,True
sphere,2,zero,mt19937,12,2000015,7.867027926719912e-09,301,True
sphere,2,zero,mt19937,13,2000016,3.673325243858752e-09,241,True
sphere,2,zero,mt19937,14,2000017,3.2008778697277828e-09,271,True
sphere,2,zero,mt19937,15,2000018,6.882747492175924e-09,277,True
sphere,2,zero,mt19937,16,2000019,8.62516834308478e-09,253,True
sphere,2,zero,mt19937,17,2000020,4.5091135774584605e-09,283,True
sphere,2,zero,mt19937,18,2000021,4.517226377216979e-10,253,True
sphere,2,zero,mt19937,19,2000022,2.6656156686086666e-09,289,True
sphere,2,zero,mt19937,20,2000023,1.5229416535261589e-09,265,True
sphere,2,zero,mt19937,21,2000024,4.635542611253928e-09,277,True
sphere,2,zero,mt19937,22,2000025,4.8134550973574484e-09,259,True
sphere,2,zero,mt19937,23,2000026,3.896418599144401e-10,283,True
sphere,2,zero,mt19937,24,2000027,5.763739681651445e-09,343,True
sphere,2,zero,mt19937,25,2000028,4.671164767951476e-09,253,True
sphere,2,zero,mt19937,26,2000029,1.4402802696727182e-10,253,True
sphere,2,zero,mt19937,27,2000030,4.317985056465999e-09,301,True
sphere,2,zero,mt19937,28,2000031,4.062241128876248e-09,259,True
sphere,2,zero,mt19937,29,2000032,5.243835021488389e-09,295,True
sphere,2,zero,mt19937,30,2000033,6.079944585277809e-09,217,True
sphere,2,random,pcg64,1,2000004,3.0248814368867873e-09,325,True
sphere,2,random,pcg64,2,2000005,3.4559381550449173e-09,283,True
sphere,2,random,pcg64,3,2000006,3.997234118314748e-10,271,True
sphere,2,random,pcg64,4,2000007,5.724530790232743e-09,289,True
sphere,2,random,pcg64,5,2000008,7.296014453470504e-10,265,True
sphere,2,random,pcg64,6,2000009,6.883965952494757e-09,217,True
sphere,2,random,pcg64,7,2000010,8.29202342358188e-09,265,True
sphere,2,random,pcg64,8,2000011,2.002759970387821e-09,295,True
sphere,2,random,pcg64,9,2000012,5.20474112992859e-09,295,True
sphere,2,random,pcg64,10,2000013,3.6440901192794505e-09,313,True
sphere,2,random,pcg64,11,2000014,6.906476064966239e-09,193,True
sphere,2,random,pcg64,12,2000015,5.305095134550189e-09,199,True
sphere,2,random,pcg64,13,2000016,3.9670198741982165e-09,307,True
sphere,2,random,pcg64,14,2000017,2.55919251091198e-09,283,True
sphere,2,random,pcg64,15,2000018,2.3605393513900472e-09,217,True
sphere,2,random,pcg64,16,2000019,7.34139251039675e-09,301,True
sphere,2,random,pcg64,17,2000020,5.487529555240801e-09,307,True
sphere,2,random,pcg64,18,2000021,8.808740691099212e-09,253,True
sphere,2,random,pcg64,19,2000022,1.370230582464067e-09,259,True
sphere,2,random,pcg64,20,2000023,8.385971956640471e-10,301,True
sphere,2,random,pcg64,21,2000024,2.3754741702578637e-09,259,True
sphere,2,random,pcg64,22,2000025,5.778246595964064e-09,253,True
sphere,2,random,pcg64,23,2000026,6.89042572638097e-09,301,True
sphere,2,random,pcg64,24,2000027,4.071844077329028e-09,325,True
sphere,2,random,pcg64,25,2000028,1.5115938728020835e-10,289,True
sphere,2,random,pcg64,26,2000029,8.738930996060348e-09,247,True
sphere,2,random,pcg64,27,2000030,8.912754819025493e-09,247,True
sphere,2,random,pcg64,28,2000031,6.487619319101571e-09,271,True
sphere,2,random,pcg64,29,2000032,4.028320247108611e-09,247,True
sphere,2,random,pcg64,30,2000033,6.363211675971009e-09,283,True
sphere,2,random,mt19937,1,2000004,9.730642051726524e-10,271,True
sphere,2,random,mt19937,2,2000005,3.241534015570399e-09,325,True
sphere,2,random,mt19937,3,2000006,2.1012826885675908e-11,265,True
sphere,2,random,mt19937,4,2000007,8.1852701244372e-09,289,True
sphere,2,random,mt19937,5,2000008,6.215487482207167e-10,265,True
sphere,2,random,mt19937,6,2000009,2.2579588370830408e-09,307,True
sphere,2,random,mt19937,7,2000010,6.58920024038705e-09,295,True
sphere,2,random,mt19937,8,2000011,4.297935127665393e-09,313,True
sphere,2,random,mt19937,9,2000012,2.8609229139994845e-09,289,True
sphere,2,random,mt19937,10,2000013,8.27448791836771e-09,295,True
sphere,2,random,mt19937,11,2000014,8.295174381787179e-09,271,True
sphere,2,random,mt19937,12,2000015,6.427342028458788e-09,271,True
sphere,2,random,mt19937,13,2000016,6.926935602482798e-09,205,True
sphere,2,random,mt19937,14,2000017,9.726905600967788e-09,277,True
sphere,2,random,mt19937,15,2000018,8.189944102941176e-09,259,True
sphere,2,random,mt19937,16,2000019,9.292372706443182e-09,265,True
sphere,2,random,mt19937,17,2000020,9.996363993242552e-09,277,True
sphere,2,random,mt19937,18,2000021,6.390082627918822e-10,253,True
sphere,2,random,mt19937,19,2000022,2.4940371403901413e-09,205,True
sphere,2,random,mt19937,20,2000023,4.198862234350656e-09,289,True
sphere,2,random,mt19937,21,2000024,2.9534800576278357e-09,277,True
sphere,2,random,mt19937,22,2000025,5.843542083881642e-10,301,True
sphere,2,random,mt19937,23,2000026,2.2158924368979415e-10,319,True
sphere,2,random,mt19937,24,2000027,1.497300678670572e-09,289,True
sphere,2,random,mt19937,25,2000028,8.449451342617194e-09,265,True
sphere,2,random,mt19937,26,2000029,7.208877384519796e-09,223,True
sphere,2,random,mt19937,27,2000030,4.868867174998181e-09,265,True
sphere,2,random,mt19937,28,2000031,2.0078756347330026e-09,271,True
sphere,2,random,mt19937,29,2000032,5.381489687096857e-09,283,True
sphere,2,random,mt19937,30,2000033,2.680476845528649e-09,229,True
sphere,10,zero,pcg64,1,2000004,9.976247188599738e-09,1441,True
sphere,10,zero,pcg64,2,2000005,5.19647336900918e-09,1401,True
sphere,10,zero,pcg64,3,2000006,7.63172266958099e-09,1451,True
sphere,10,zero,pcg64,4,2000007,6.493803517218331e-09,1571,True
sphere,10,zero,pcg64,5,2000008,5.568284706868191e-09,1421,True
sphere,10,zero,pcg64,6,2000009,7.711384021003097e-09,1431,True
sphere,10,zero,pcg64,7,2000010,8.388241398813351e-09,1591,True
sphere,10,zero,pcg64,8,2000011,8.470529270810857e-09,1361,True
sphere,10,zero,pcg64,9,2000012,8.426143606213408e-09,1561,True
sphere,10,zero,pcg64,10,2000013,5.2063376390201035e-09,1511,True
sphere,10,zero,pcg64,11,2000014,8.278129706503926e-09,1441,True
sphere,10,zero,pcg64,12,2000015,9.800923938684385e-09,1551,True
sphere,10,zero,pcg64,13,2000016,8.913166649177878e-09,1401,True
sphere,10,zero,pcg64,14,2000017,7.9120618895835e-09,1431,True
sphere,10,zero,pcg64,15,2000018,6.740666922434188e-09,1591,True
sphere,10,zero,pcg64,16,2000019,9.452642684267014e-09,1511,True
sphere,10,zero,pcg64,17,2000020,8.677251690091388e-09,1471,True
sphere,10,zero,pcg64,18,2000021,8.07124565553914e-09,1451,True
sphere,10,zero,pcg64,19,2000022,9.409650243037956e-09,1471,True
sphere,10,zero,pcg64,20,2000023,7.2908808633423685e-09,1401,True
sphere,10,zero,pcg64,21,2000024,7.63198932959458e-09,1371,True
sphere,10,zero,pcg64,22,2000025,4.386806966662316e-09,1421,True
sphere,10,zero,pcg64,23,2000026,9.125179174251825e-09,1481,True
sphere,10,zero,pcg64,24,2000027,8.988314320186438e-09,1511,True
sphere,10,zero,pcg64,25,2000028,8.926027915799878e-09,1501,True
sphere,10,zero,pcg64,26,2000029,8.12021385668014e-09,1521,True
sphere,10,zero,pcg64,27,2000030,8.014305359161525e-09,1461,True
sphere,10,zero,pcg64,28,2000031,9.667092567592534e-09,1711,True
sphere,10,zero,pcg64,29,2000032,9.207360612386472e-09,1491,True
sphere,10,zero,pcg64,30,2000033,2.83072320018354e-09,1421,True
sphere,10,zero,mt19937,1,2000004,9.116991590941698e-09,1581,True
sphere,10,zero,mt19937,2,2000005,7.551416179831689e-09,1451,True
sphere,10,zero,mt19937,3,2000006,7.092894172579181e-09,1541,True
sphere,10,zero,mt19937,4,2000007,8.22521416622773e-09,1471,True
sphere,10,zero,mt19937,5,2000008,2.2139492370575793e-09,1531,True
sphere,10,zero,mt19937,6,2000009,7.272761964892504e-09,1511,True
sphere,10,zero,mt19937,7,2000010,8.82399011068527e-09,1471,True
sphere,10,zero,mt19937,8,2000011,8.783260058148623e-09,1311,True
sphere,10,zero,mt19937,9,2000012,6.691923687654752e-09,1751,True
sphere,10,zero,mt19937,10,2000013,8.422353035005193e-09,1621,True
sphere,10,zero,mt19937,11,2000014,9.736742891929438e-09,1391,True
sphere,10,zero,mt19937,12,2000015,8.995882059108853e-09,1411,True
sphere,10,zero,mt19937,13,2000016,9.40509464519751e-09,1401,True
sphere,10,zero,mt19937,14,2000017,9.203607025403907e-09,1571,True
sphere,10,zero,mt19937,15,2000018,5.63403352132277e-09,1551,True
sphere,10,zero,mt19937,16,2000019,9.080178553036753e-09,1321,True
sphere,10,zero,mt19937,17,2000020,8.082333446485915e-09,1451,True
sphere,10,zero,mt19937,18,2000021,4.2992514472864556e-09,1481,True
sphere,10,zero,mt19937,19,2000022,4.810020722766482e-09,1461,True
sphere,10,zero,mt19937,20,2000023,9.220899479442968e-09,1501,True
sphere,10,zero,mt19937,21,2000024,8.34927671595003e-09,1461,True
sphere,10,zero,mt19937,22,2000025,6.532230530353474e-09,1431,True
sphere,10,zero,mt19937,23,2000026,6.113050761935705e-09,1501,True
sphere,10,zero,mt19937,24,2000027,7.386746517744054e-09,1551,True
sphere,10,zero,mt19937,25,2000028,9.282306739830758e-09,1461,True
sphere,10,zero,mt19937,26,2000029,6.314269886029638e-09,1541,True
sphere,10,zero,mt19937,27,2000030,7.057175227883125e-09,1511,True
sphere,10,zero,mt19937,28,2000031,8.627315563895215e-09,1631,True
sphere,10,zero,mt19937,29,2000032,9.365140399415097e-09,1381,True
sphere,10,zero,mt19937,30,2000033,9.223505285154002e-09,1531,True
sphere,10,random,pcg64,1,2000004,8.952466791715776e-09,1531,True
sphere,10,random,pcg64,2,2000005,5.98241908099671e-09,1401,True
sphere,10,random,pcg64,3,2000006,5.19971686450993e-09,1341,True
sphere,10,random,pcg64,4,2000007,4.887016851787819e-09,1521,True
sphere,10,random,pcg64,5,2000008,7.941302037842396e-09,1531,True
sphere,10,random,pcg64,6,2000009,7.399937011796708e-09,1401,True
sphere,10,random,pcg64,7,2000010,9.335860906857061e-09,1471,True
sphere,10,random,pcg64,8,2000011,5.950769224284247e-09,1501,True
sphere,10,random,pcg64,9,2000012,9.422385649197206e-09,1351,True
sphere,10,random,pcg64,10,2000013,5.1986867934172985e-09,1511,True
sphere,10,random,pcg64,11,2000014,7.634306673967497e-09,1581,True
sphere,10,random,pcg64,12,2000015,4.0542079231091586e-09,1501,True
sphere,10,random,pcg64,13,2000016,8.924657282211887e-09,1471,True
sphere,10,random,pcg64,14,2000017,8.055079503306298e-09,1431,True
sphere,10,random,pcg64,15,2000018,8.823601177478379e-09,1441,True
sphere,10,random,pcg64,16,2000019,9.469775038268531e-09,1491,True
sphere,10,random,pcg64,17,2000020,9.487560075631027e-09,1561,True
sphere,10,random,pcg64,18,2000021,7.181821571981866e-09,1391,True
sphere,10,random,pcg64,19,2000022,8.705220654111224e-09,1471,True
sphere,10,random,pcg64,20,2000023,7.563421646848461e-09,1281,True
sphere,10,random,pcg64,21,2000024,6.143347053299861e-09,1471,True
sphere,10,random,pcg64,22,2000025,4.210101739524484e-09,1321,True
sphere,10,random,pcg64,23,2000026,8.144705539985403e-09,1421,True
sphere,10,random,pcg64,24,2000027,7.707215567663726e-09,1461,True
sphere,10,random,pcg64,25,2000028,6.366659400455525e-09,1541,True
sphere,10,random,pcg64,26,2000029,4.304121773790288e-09,1561,True
sphere,10,random,pcg64,27,2000030,7.061208353242055e-09,1471,True
sphere,10,random,pcg64,28,2000031,8.519464339404243e-09,1531,True
sphere,10,random,pcg64,29,2000032,7.024055132827867e-09,1361,True
sphere,10,random,pcg64,30,2000033,4.79717020085023e-09,1341,True
sphere,10,random,mt19937,1,2000004,9.446599649138122e-09,1421,True
sphere,10,random,mt19937,2,2000005,8.31504947043705e-09,1371,True
sphere,10,random,mt19937,3,2000006,9.821550625865997e-09,1501,True
sphere,10,random,mt19937,4,2000007,8.093330624695827e-09,1581,True
sphere,10,random,mt19937,5,2000008,9.884526284075887e-09,1261,True
sphere,10,random,mt19937,6,2000009,7.835962574975673e-09,1661,True
sphere,10,random,mt19937,7,2000010,6.945923486856376e-09,1551,True
sphere,10,random,mt19937,8,2000011,6.302078919076908e-09,1481,True
sphere,10,random,mt19937,9,2000012,6.740164363857426e-09,1621,True
sphere,10,random,mt19937,10,2000013,5.905396254099576e-09,1621,True
sphere,10,random,mt19937,11,2000014,7.381647374885043e-09,1321,True
sphere,10,random,mt19937,12,2000015,6.8750216803583125e-09,1381,True
sphere,10,random,mt19937,13,2000016,9.796226972328947e-09,1391,True
sphere,10,random,mt19937,14,2000017,9.92463377413482e-09,1531,True
sphere,10,random,mt19937,15,2000018,7.632821738403874e-09,1471,True
sphere,10,random,mt19937,16,2000019,4.254137395899762e-09,1451,True
sphere,10,random,mt19937,17,2000020,9.412409298775142e-09,1601,True
sphere,10,random,mt19937,18,2000021,7.531980959045765e-09,1451,True
sphere,10,random,mt19937,19,2000022,4.383913470465312e-09,1561,True
sphere,10,random,mt19937,20,2000023,7.762484657455127e-09,1581,True
sphere,10,random,mt19937,21,2000024,4.418727151647637e-09,1491,True
sphere,10,random,mt19937,22,2000025,6.410542806707972e-09,1491,True
sphere,10,random,mt19937,23,2000026,5.888588756426034e-09,1441,True
sphere,10,random,mt19937,24,2000027,6.546770150312086e-09,1531,True
sphere,10,random,mt19937,25,2000028,9.846543482251785e-09,1421,True
sphere,10,random,mt19937,26,2000029,9.267051658368732e-09,1461,True
sphere,10,random,mt19937,27,2000030,9.854329911801986e-09,1481,True
sphere,10,random,mt19937,28,2000031,5.984343081560261e-09,1541,True
sphere,10,random,mt19937,29,2000032,9.159481800024803e-09,1381,True
sphere,10,random,mt19937,30,2000033,4.688784567225283e-09,1391,True
sphere,30,zero,pcg64,1,2000004,7.567822944290253e-09,4229,True
sphere,30,zero,pcg64,2,2000005,9.547903549316665e-09,3991,True
sphere,30,zero,pcg64,3,2000006,8.833349208368003e-09,3963,True
sphere,30,zero,pcg64,4,2000007,9.836294270752646e-09,4019,True
sphere,30,zero,pcg64,5,2000008,8.91224684851463e-09,3977,True
sphere,30,zero,pcg64,6,2000009,9.864660974926062e-09,4299,True
sphere,30,zero,pcg64,7,2000010,9.19582997775587e-09,4187,True
sphere,30,zero,pcg64,8,2000011,8.464477639389963e-09,4159,True
sphere,30,zero,pcg64,9,2000012,6.889252418260069e-09,4243,True
sphere,30,zero,pcg64,10,2000013,7.846246815151857e-09,4075,True
sphere,30,zero,pcg64,11,2000014,8.865966467178534e-09,4047,True
sphere,30,zero,pcg64,12,2000015,8.933065433632354e-09,3893,True
sphere,30,zero,pcg64,13,2000016,9.699536577680295e-09,4089,True
sphere,30,zero,pcg64,14,2000017,7.626482288057146e-09,4019,True
sphere,30,zero,pcg64,15,2000018,9.46643322533064e-09,4187,True
sphere,30,zero,pcg64,16,2000019,9.934909969027268e-09,4243,True
sphere,30,zero,pcg64,17,2000020,9.354685930838925e-09,4075,True
sphere,30,zero,pcg64,18,2000021,9.813237852517192e-09,4299,True
sphere,30,zero,pcg64,19,2000022,7.913585520431799e-09,4159,True
sphere,30,zero,pcg64,20,2000023,5.844871479851624e-09,4313,True
sphere,30,zero,pcg64,21,2000024,8.241119825392505e-09,4089,True
sphere,30,zero,pcg64,22,2000025,8.975609886859023e-09,4089,True
sphere,30,zero,pcg64,23,2000026,9.39834938423538e-09,3977,True
sphere,30,zero,pcg64,24,2000027,8.198980042933216e-09,4103,True
sphere,30,zero,pcg64,25,2000028,9.540076495572181e-09,3893,True
sphere,30,zero,pcg64,26,2000029,9.952145057829714e-09,4201,True
sphere,30,zero,pcg64,27,2000030,9.340029531474241e-09,4243,True
sphere,30,zero,pcg64,28,2000031,9.876037275011374e-09,4257,True
sphere,30,zero,pcg64,29,2000032,8.044293582543233e-09,4201,True
sphere,30,zero,pcg64,30,2000033,9.145145669095027e-09,3977,True
sphere,30,zero,mt19937,1,2000004,9.921057116357584e-09,4019,True
sphere,30,zero,mt19937,2,2000005,7.737851416655148e-09,4033,True
sphere,30,zero,mt19937,3,2000006,5.717579998979085e-09,4061,True
sphere,30,zero,mt19937,4,2000007,8.686635148309538e-09,4033,True
sphere,30,zero,mt19937,5,2000008,9.489008639298626e-09,3837,True
sphere,30,zero,mt19937,6,2000009,9.887826310135293e-09,4005,True
sphere,30,zero,mt19937,7,2000010,8.848961811550877e-09,4173,True
sphere,30,zero,mt19937,8,2000011,8.106601302219157e-09,4313,True
sphere,30,zero,mt19937,9,2000012,8.813468302903556e-09,4089,True
sphere,30,zero,mt19937,10,2000013,9.337508795240237e-09,3907,True
sphere,30,zero,mt19937,11,2000014,9.96004645276919e-09,4201,True
sphere,30,zero,mt19937,12,2000015,9.454932519722526e-09,4299,True
sphere,30,zero,mt19937,13,2000016,8.556224857117368e-09,4159,True
sphere,30,zero,mt19937,14,2000017,9.868587637378062e-09,3963,True
sphere,30,zero,mt19937,15,2000018,9.975005578735159e-09,4145,True
sphere,30,zero,mt19937,16,2000019,8.321877567385612e-09,4103,True
sphere,30,zero,mt19937,17,2000020,9.987245967197565e-09,3781,True
sphere,30,zero,mt19937,18,2000021,9.627910534860867e-09,4103,True
sphere,30,zero,mt19937,19,2000022,9.198824120352505e-09,4355,True
sphere,30,zero,mt19937,20,2000023,8.752382004772174e-09,4089,True
sphere,30,zero,mt19937,21,2000024,9.391582918806132e-09,4271,True
sphere,30,zero,mt19937,22,2000025,7.712858085014414e-09,4145,True
sphere,30,zero,mt19937,23,2000026,9.219345983575332e-09,4173,True
sphere,30,zero,mt19937,24,2000027,9.566757144256271e-09,4033,True
sphere,30,zero,mt19937,25,2000028,9.480106803115821e-09,3977,True
sphere,30,zero,mt19937,26,2000029,9.135887504916434e-09,3921,True
sphere,30,zero,mt19937,27,2000030,7.76883905745048e-09,4257,True
sphere,30,zero,mt19937,28,2000031,9.834124899975313e-09,4215,True
sphere,30,zero,mt19937,29,2000032,9.884081632330317e-09,4131,True
sphere,30,zero,mt19937,30,2000033,9.242240749013699e-09,4131,True
sphere,30,random,pcg64,1,2000004,9.046740134134418e-09,4089,True
sphere,30,random,pcg64,2,2000005,8.322836669310582e-09,4075,True
sphere,30,random,pcg64,3,2000006,9.956637406582046e-09,4215,True
sphere,30,random,pcg64,4,2000007,5.793097962572396e-09,3865,True
sphere,30,random,pcg64,5,2000008,9.458043176774704e-09,3963,True
sphere,30,random,pcg64,6,2000009,7.93078966816798e-09,4243,True
sphere,30,random,pcg64,7,2000010,6.7409694139164775e-09,4187,True
sphere,30,random,pcg64,8,2000011,9.919431339982916e-09,3921,True
sphere,30,random,pcg64,9,2000012,8.531176861563442e-09,4103,True
sphere,30,random,pcg64,10,2000013,7.862263957568281e-09,4033,True
sphere,30,random,pcg64,11,2000014,9.36842847858974e-09,4159,True
sphere,30,random,pcg64,12,2000015,8.735247994381516e-09,4131,True
sphere,30,random,pcg64,13,2000016,8.193363059308182e-09,4061,True
sphere,30,random,pcg64,14,2000017,9.377925033673693e-09,3921,True
sphere,30,random,pcg64,15,2000018,9.835005705906434e-09,3935,True
sphere,30,random,pcg64,16,2000019,9.872697449322953e-09,4243,True
sphere,30,random,pcg64,17,2000020,9.506940498752914e-09,4187,True
sphere,30,random,pcg64,18,2000021,9.31609388700184e-09,3949,True
sphere,30,random,pcg64,19,2000022,9.255118722406295e-09,4173,True
sphere,30,random,pcg64,20,2000023,9.659707537086957e-09,4103,True
sphere,30,random,pcg64,21,2000024,9.200445195440328e-09,3865,True
sphere,30,random,pcg64,22,2000025,7.987890059629668e-09,4103,True
sphere,30,random,pcg64,23,2000026,8.646266738720519e-09,3977,True
sphere,30,random,pcg64,24,2000027,8.46240349106368e-09,4103,True
sphere,30,random,pcg64,25,2000028,9.084084668289096e-09,4047,True
sphere,30,random,pcg64,26,2000029,9.265686361477558e-09,4201,True
sphere,30,random,pcg64,27,2000030,8.717370685788485e-09,4299,True
sphere,30,random,pcg64,28,2000031,7.809822487000592e-09,4033,True
sphere,30,random,pcg64,29,2000032,9.532793313841707e-09,4131,True
sphere,30,random,pcg64,30,2000033,9.81530882737363e-09,4005,True
sphere,30,random,mt19937,1,2000004,8.886568646387545e-09,4187,True
sphere,30,random,mt19937,2,2000005,8.219801352406188e-09,4047,True
sphere,30,random,mt19937,3,2000006,9.74933134470667e-09,4103,True
sphere,30,random,mt19937,4,2000007,6.71399257231508e-09,4061,True
sphere,30,random,mt19937,5,2000008,7.203571333590059e-09,4173,True
sphere,30,random,mt19937,6,2000009,9.110156183524877e-09,4089,True
sphere,30,random,mt19937,7,2000010,8.896145593772168e-09,4131,True
sphere,30,random,mt19937,8,2000011,9.61493380710854e-09,4341,True
sphere,30,random,mt19937,9,2000012,8.455697522690505e-09,4159,True
sphere,30,random,mt19937,10,2000013,9.148751420324883e-09,4019,True
sphere,30,random,mt19937,11,2000014,6.559398806229934e-09,4075,True
sphere,30,random,mt19937,12,2000015,8.132779589067084e-09,4033,True
sphere,30,random,mt19937,13,2000016,8.978306749862659e-09,4103,True
sphere,30,random,mt19937,14,2000017,8.539632321887106e-09,4187,True
sphere,30,random,mt19937,15,2000018,9.524218078273674e-09,4215,True
sphere,30,random,mt19937,16,2000019,9.22437666621412e-09,4019,True
sphere,30,random,mt19937,17,2000020,7.952059936767124e-09,3823,True
sphere,30,random,mt19937,18,2000021,9.970787386387116e-09,4061,True
sphere,30,random,mt19937,19,2000022,8.618598318073293e-09,4061,True
sphere,30,random,mt19937,20,2000023,7.0185874388700126e-09,4355,True
sphere,30,random,mt19937,21,2000024,8.074233862541242e-09,3991,True
sphere,30,random,mt19937,22,2000025,6.8234042838604315e-09,4089,True
sphere,30,random,mt19937,23,2000026,8.003108245130362e-09,3991,True
sphere,30,random,mt19937,24,2000027,8.27584833024916e-09,4145,True
sphere,30,random,mt19937,25,2000028,9.516983019387037e-09,4075,True
sphere,30,random,mt19937,26,2000029,9.992144286128597e-09,4187,True
sphere,30,random,mt19937,27,2000030,9.11242635362454e-09,4075,True
sphere,30,random,mt19937,28,2000031,7.3525712331404175e-09,4131,True
sphere,30,random,mt19937,29,2000032,7.315111585674301e-09,4131,True
sphere,30,random,mt19937,30,2000033,7.418877515981476e-09,4047,True
rosenbrock,2,zero,pcg64,1,2000004,6.632933187893626e-09,421,True
rosenbrock,2,zero,pcg64,2,2000005,3.989113091748831e-09,511,True
rosenbrock,2,zero,pcg64,3,2000006,6.7734614854262484e-09,595,True
rosenbrock,2,zero,pcg64,4,2000007,7.255775709455591e-09,649,True
rosenbrock,2,zero,pcg64,5,2000008,3.7306917799882575e-09,349,True
rosenbrock,2,zero,pcg64,6,2000009,2.4464311811535626e-09,463,True
rosenbrock,2,zero,pcg64,7,2000010,2.7418392794634553e-09,667,True
rosenbrock,2,zero,pcg64,8,2000011,7.121775717413325e-09,1219,True
rosenbrock,2,zero,pcg64,9,2000012,4.062966631019219e-09,427,True
rosenbrock,2,zero,pcg64,10,2000013,7.2434819762948306e-09,691,True
rosenbrock,2,zero,pcg64,11,2000014,8.909150065625446e-09,661,True
rosenbrock,2,zero,pcg64,12,2000015,6.228625016955449e-09,1129,True
rosenbrock,2,zero,pcg64,13,2000016,2.4575323283054193e-09,889,True
rosenbrock,2,zero,pcg64,14,2000017,1.7530344340755904e-09,829,True
rosenbrock,2,zero,pcg64,15,2000018,9.764965148675194e-09,595,True
rosenbrock,2,zero,pcg64,16,2000019,2.122892751836861e-09,475,True
rosenbrock,2,zero,pcg64,17,2000020,3.5476622634563353e-10,793,True
rosenbrock,2,zero,pcg64,18,2000021,8.791522285590994e-09,709,True
rosenbrock,2,zero,pcg64,19,2000022,2.7510556413773486e-09,1171,True
rosenbrock,2,zero,pcg64,20,2000023,1.5329017668495008e-09,661,True
rosenbrock,2,zero,pcg64,21,2000024,3.457873185694563e-09,601,True
rosenbrock,2,zero,pcg64,22,2000025,2.4079348090598258e-09,403,True
rosenbrock,2,zero,pcg64,23,2000026,8.604066678194122e-11,397,True
rosenbrock,2,zero,pcg64,24,2000027,1.8767004562912277e-09,523,True
rosenbrock,2,zero,pcg64,25,2000028,8.853048409124815e-09,451,True
rosenbrock,2,zero,pcg64,26,2000029,1.674554298931976e-09,619,True
rosenbrock,2,zero,pcg64,27,2000030,7.076221699911024e-09,559,True
rosenbrock,2,zero,pcg64,28,2000031,2.420350446980237e-09,775,True
rosenbrock,2,zero,pcg64,29,2000032,7.271963645975744e-09,709,True
rosenbrock,2,zero,pcg64,30,2000033,7.691986047447072e-09,877,True
rosenbrock,2,zero,mt19937,1,2000004,9.298710202833214e-09,607,True
rosenbrock,2,zero,mt19937,2,2000005,5.696477181638211e-09,775,True
rosenbrock,2,zero,mt19937,3,2000006,1.8690751372736782e-09,529,True
rosenbrock,2,zero,mt19937,4,2000007,9.397109709050927e-09,685,True
rosenbrock,2,zero,mt19937,5,2000008,8.705864916782473e-09,511,True
rosenbrock,2,zero,mt19937,6,2000009,4.610749150407391e-09,727,True
rosenbrock,2,zero,mt19937,7,2000010,2.960212120352431e-09,565,True
rosenbrock,2,zero,mt19937,8,2000011,7.598542913348866e-09,1081,True
rosenbrock,2,zero,mt19937,9,2000012,9.193681236369253e-09,667,True
rosenbrock,2,zero,mt19937,10,2000013,1.7325354812138644e-09,403,True
rosenbrock,2,zero,mt19937,11,2000014,1.8439887262595578e-09,835,True
rosenbrock,2,zero,mt19937,12,2000015,5.242866038690263e-09,487,True
rosenbrock,2,zero,mt19937,13,2000016,9.286685165555928e-09,529,True
rosenbrock,2,zero,mt19937,14,2000017,5.212976439458511e-10,829,True
rosenbrock,2,zero,mt19937,15,2000018,5.276384000618686e-09,451,True
rosenbrock,2,zero,mt19937,16,2000019,9.777300910271567e-09,757,True
rosenbrock,2,zero,mt19937,17,2000020,1.3737207408159439e-09,475,True
rosenbrock,2,zero,mt19937,18,2000021,5.614135783279982e-09,391,True
rosenbrock,2,zero,mt19937,19,2000022,4.5561177131111145e-09,709,True
rosenbrock,2,zero,mt19937,20,2000023,5.8135254077279755e-09,1387,True
rosenbrock,2,zero,mt19937,21,2000024,6.185379433783729e-09,1057,True
rosenbrock,2,zero,mt19937,22,2000025,1.5747528439201032e-09,1339,True
rosenbrock,2,zero,mt19937,23,2000026,4.290516594201018e-09,589,True
rosenbrock,2,zero,mt19937,24,2000027,2.231282090328115e-09,559,True
rosenbrock,2,zero,mt19937,25,2000028,3.854950959846347e-09,685,True
rosenbrock,2,zero,mt19937,26,2000029,6.01810228450589e-09,457,True
rosenbrock,2,zero,mt19937,27,2000030,1.2673727579925317e-09,613,True
rosenbrock,2,zero,mt19937,28,2000031,2.6930524413307665e-09,391,True
rosenbrock,2,zero,mt19937,29,2000032,7.366969934508474e-09,835,True
rosenbrock,2,zero,mt19937,30,2000033,5.337298458927484e-09,1027,True
rosenbrock,2,random,pcg64,1,2000004,5.908466428102691e-09,559,True
rosenbrock,2,random,pcg64,2,2000005,1.7071663843397404e-10,727,True
rosenbrock,2,random,pcg64,3,2000006,5.475937606451118e-09,547,True
rosenbrock,2,random,pcg64,4,2000007,7.860183121506434e-09,583,True
rosenbrock,2,random,pcg64,5,2000008,4.949098508845562e-09,505,True
rosenbrock,2,random,pcg64,6,2000009,9.624769436861949e-09,499,True
rosenbrock,2,random,pcg64,7,2000010,4.836531763034986e-09,469,True
rosenbrock,2,random,pcg64,8,2000011,7.799424184756867e-10,1249,True
rosenbrock,2,random,pcg64,9,2000012,9.682635735537761e-09,685,True
rosenbrock,2,random,pcg64,10,2000013,5.404639391640507e-10,445,True
rosenbrock,2,random,pcg64,11,2000014,1.1616805470662419e-09,751,True
rosenbrock,2,random,pcg64,12,2000015,1.6482936030569113e-09,1183,True
rosenbrock,2,random,pcg64,13,2000016,5.071532976284795e-09,817,True
rosenbrock,2,random,pcg64,14,2000017,5.957662963255008e-09,541,True
rosenbrock,2,random,pcg64,15,2000018,6.787769530542301e-09,613,True
rosenbrock,2,random,pcg64,16,2000019,2.2694136689840315e-09,517,True
rosenbrock,2,random,pcg64,17,2000020,9.03906067310337e-09,703,True
rosenbrock,2,random,pcg64,18,2000021,7.27749418169435e-09,757,True
rosenbrock,2,random,pcg64,19,2000022,7.352243253736389e-09,1087,True
rosenbrock,2,random,pcg64,20,2000023,8.649861109330515e-09,613,True
rosenbrock,2,random,pcg64,21,2000024,8.600623771748056e-10,895,True
rosenbrock,2,random,pcg64,22,2000025,1.2296830130977375e-10,373,True
rosenbrock,2,random,pcg64,23,2000026,3.85061389464105e-09,499,True
rosenbrock,2,random,pcg64,24,2000027,8.851758668210754e-09,451,True
rosenbrock,2,random,pcg64,25,2000028,6.133486259165008e-09,1129,True
rosenbrock,2,random,pcg64,26,2000029,3.2689408379870437e-09,655,True
rosenbrock,2,random,pcg64,27,2000030,9.089318146947026e-09,577,True
rosenbrock,2,random,pcg64,28,2000031,7.77346221202086e-12,697,True
rosenbrock,2,random,pcg64,29,2000032,6.514203312370752e-09,709,True
rosenbrock,2,random,pcg64,30,2000033,8.614291990724818e-09,775,True
rosenbrock,2,random,mt19937,1,2000004,3.242171740877271e-10,733,True
rosenbrock,2,random,mt19937,2,2000005,7.353517424037999e-09,685,True
rosenbrock,2,random,mt19937,3,2000006,3.901054665462596e-09,517,True
rosenbrock,2,random,mt19937,4,2000007,5.71797487893041e-10,697,True
rosenbrock,2,random,mt19937,5,2000008,8.037254079188544e-09,769,True
rosenbrock,2,random,mt19937,6,2000009,9.913555042023947e-09,751,True
rosenbrock,2,random,mt19937,7,2000010,4.552782680560467e-09,805,True
rosenbrock,2,random,mt19937,8,2000011,2.137723087814388e-09,529,True
rosenbrock,2,random,mt19937,9,2000012,6.943047172733575e-09,661,True
rosenbrock,2,random,mt19937,10,2000013,7.528760362183956e-09,433,True
rosenbrock,2,random,mt19937,11,2000014,6.116677465904544e-09,643,True
rosenbrock,2,random,mt19937,12,2000015,5.466944642795131e-09,577,True
rosenbrock,2,random,mt19937,13,2000016,6.502442771645468e-09,559,True
rosenbrock,2,random,mt19937,14,2000017,8.377621904294837e-09,715,True
rosenbrock,2,random,mt19937,15,2000018,4.483661351053184e-09,523,True
rosenbrock,2,random,mt19937,16,2000019,2.0984042265766185e-09,715,True
rosenbrock,2,random,mt19937,17,2000020,5.4903295450413945e-09,841,True
rosenbrock,2,random,mt19937,18,2000021,4.840292943975589e-09,535,True
rosenbrock,2,random,mt19937,19,2000022,1.8993327876308717e-09,685,True
rosenbrock,2,random,mt19937,20,2000023,5.020978904552143e-09,865,True
rosenbrock,2,random,mt19937,21,2000024,2.566151816064304e-09,1159,True
rosenbrock,2,random,mt19937,22,2000025,1.724655778154393e-09,1339,True
rosenbrock,2,random,mt19937,23,2000026,1.1328282178494068e-09,463,True
rosenbrock,2,random,mt19937,24,2000027,2.6463494628259775e-09,601,True
rosenbrock,2,random,mt19937,25,2000028,4.386017990865926e-09,637,True
rosenbrock,2,random,mt19937,26,2000029,8.668853936164688e-09,493,True
rosenbrock,2,random,mt19937,27,2000030,8.640730254023336e-09,547,True
rosenbrock,2,random,mt19937,28,2000031,9.064980313687932e-09,547,True
rosenbrock,2,random,mt19937,29,2000032,3.173668206239297e-09,883,True
rosenbrock,2,random,mt19937,30,2000033,4.786430963962003e-09,1213,True
rosenbrock,10,zero,pcg64,1,2000004,2.988597079021019e-09,7051,True
rosenbrock,10,zero,pcg64,2,2000005,6.873914093890025e-09,6771,True
rosenbrock,10,zero,pcg64,3,2000006,7.172906973843032e-09,5551,True
rosenbrock,10,zero,pcg64,4,2000007,8.773899173440101e-09,5661,True
rosenbrock,10,zero,pcg64,5,2000008,5.737926881554861e-09,9261,True
rosenbrock,10,zero,pcg64,6,2000009,9.096536340372133e-09,6531,True
rosenbrock,10,zero,pcg64,7,2000010,8.591211895447688e-09,6201,True
rosenbrock,10,zero,pcg64,8,2000011,5.562526400761246e-09,6131,True
rosenbrock,10,zero,pcg64,9,2000012,6.205283568318201e-09,6741,True
rosenbrock,10,zero,pcg64,10,2000013,9.838218214088205e-09,6321,True
rosenbrock,10,zero,pcg64,11,2000014,9.328763126347409e-09,6101,True
rosenbrock,10,zero,pcg64,12,2000015,3.9865791123471372,20001,False
rosenbrock,10,zero,pcg64,13,2000016,9.822939458825196e-09,6201,True
rosenbrock,10,zero,pcg64,14,2000017,5.447246924081324e-09,6751,True
rosenbrock,10,zero,pcg64,15,2000018,6.877944507689555e-09,8551,True
rosenbrock,10,zero,pcg64,16,2000019,5.024503690328906e-09,5851,True
rosenbrock,10,zero,pcg64,17,2000020,9.863946621590151e-09,7451,True
rosenbrock,10,zero,pcg64,18,2000021,6.9623213929977826e-09,6311,True
rosenbrock,10,zero,pcg64,19,2000022,9.839656650625141e-09,7361,True
rosenbrock,10,zero,pcg64,20,2000023,8.807700495971198e-09,6011,True
rosenbrock,10,zero,pcg64,21,2000024,6.217269746706206e-09,6071,True
rosenbrock,10,zero,pcg64,22,2000025,6.548845424703227e-09,6301,True
rosenbrock,10,zero,pcg64,23,2000026,3.9865791123471372,20001,False
rosenbrock,10,zero,pcg64,24,2000027,9.044607622690957e-09,6441,True
rosenbrock,10,zero,pcg64,25,2000028,7.778131935605387e-09,6471,True
rosenbrock,10,zero,pcg64,26,2000029,6.76484031557816e-09,6591,True
rosenbrock,10,zero,pcg64,27,2000030,9.681694552435171e-09,6951,True
rosenbrock,10,zero,pcg64,28,2000031,8.017395403131785e-09,7091,True
rosenbrock,10,zero,pcg64,29,2000032,9.744134493638358e-09,6171,True
rosenbrock,10,zero,pcg64,30,2000033,7.082189418423906e-09,6621,True
rosenbrock,10,zero,mt19937,1,2000004,6.565103774116984e-09,5901,True
rosenbrock,10,zero,mt19937,2,2000005,8.98478824531011e-09,5611,True
rosenbrock,10,zero,mt19937,3,2000006,3.986579112347137,20001,False
rosenbrock,10,zero,mt19937,4,2000007,3.3734871816778142e-09,6471,True
rosenbrock,10,zero,mt19937,5,2000008,8.059025987568072e-09,6451,True
rosenbrock,10,zero,mt19937,6,2000009,3.986579112347137,20001,False
rosenbrock,10,zero,mt19937,7,2000010,8.453137802041193e-09,7891,True
rosenbrock,10,zero,mt19937,8,2000011,6.160258136200449e-09,6401,True
rosenbrock,10,zero,mt19937,9,2000012,7.3161290653726725e-09,6011,True
rosenbrock,10,zero,mt19937,10,2000013,5.364088519331172e-09,6311,True
rosenbrock,10,zero,mt19937,11,2000014,5.9550249527185315e-09,6331,True
rosenbrock,10,zero,mt19937,12,2000015,9.75634341260459e-09,6161,True
rosenbrock,10,zero,mt19937,13,2000016,9.356077036967009e-09,6651,True
rosenbrock,10,zero,mt19937,14,2000017,5.86420893403008e-09,7451,True
rosenbrock,10,zero,mt19937,15,2000018,8.674641560196137e-09,5471,True
rosenbrock,10,zero,mt19937,16,2000019,5.84756503285196e-09,6741,True
rosenbrock,10,zero,mt19937,17,2000020,7.621672378685582e-09,5641,True
rosenbrock,10,zero,mt19937,18,2000021,6.630311730756471e-09,5021,True
rosenbrock,10,zero,mt19937,19,2000022,9.771459715514037e-09,5461,True
rosenbrock,10,zero,mt19937,20,2000023,9.486920754623251e-09,6221,True
rosenbrock,10,zero,mt19937,21,2000024,3.986579112347137,20001,False
rosenbrock,10,zero,mt19937,22,2000025,6.6492462180528666e-09,6531,True
rosenbrock,10,zero,mt19937,23,2000026,4.551591797060819e-09,5901,True
rosenbrock,10,zero,mt19937,24,2000027,8.87182103565534e-09,5601,True
rosenbrock,10,zero,mt19937,25,2000028,9.24686741859045e-09,6321,True
rosenbrock,10,zero,mt19937,26,2000029,6.6068147560589885e-09,5891,True
rosenbrock,10,zero,mt19937,27,2000030,9.545238541422557e-09,5631,True
rosenbrock,10,zero,mt19937,28,2000031,5.63245263456906e-09,5401,True
rosenbrock,10,zero,mt19937,29,2000032,3.986579112347137,20001,False
rosenbrock,10,zero,mt19937,30,2000033,6.1799314233540824e-09,7031,True
rosenbrock,10,random,pcg64,1,2000004,4.597776960388263e-09,6911,True
rosenbrock,10,random,pcg64,2,2000005,8.965001608478757e-09,5981,True
rosenbrock,10,random,pcg64,3,2000006,2.660424097222986e-09,6211,True
rosenbrock,10,random,pcg64,4,2000007,6.800907895123475e-09,7071,True
rosenbrock,10,random,pcg64,5,2000008,9.809825958790637e-09,6691,True
rosenbrock,10,random,pcg64,6,2000009,9.088699237971856e-09,6151,True
rosenbrock,10,random,pcg64,7,2000010,8.765297032442736e-09,5631,True
rosenbrock,10,random,pcg64,8,2000011,9.72644193444222e-09,5801,True
rosenbrock,10,random,pcg64,9,2000012,3.986579112347137,20001,False
rosenbrock,10,random,pcg64,10,2000013,8.722551936201124e-09,6071,True
rosenbrock,10,random,pcg64,11,2000014,9.481399662549575e-09,5831,True
rosenbrock,10,random,pcg64,12,2000015,8.63180489206182e-09,7391,True
rosenbrock,10,random,pcg64,13,2000016,8.77194388368148e-09,7971,True
rosenbrock,10,random,pcg64,14,2000017,5.974218684673419e-09,5741,True
rosenbrock,10,random,pcg64,15,2000018,3.9865791123471372,20001,False
rosenbrock,10,random,pcg64,16,2000019,9.838963992851619e-09,6781,True
rosenbrock,10,random,pcg64,17,2000020,8.502849645145271e-09,7571,True
rosenbrock,10,random,pcg64,18,2000021,7.4339972599317696e-09,7081,True
rosenbrock,10,random,pcg64,19,2000022,3.9865791123471372,20001,False
rosenbrock,10,random,pcg64,20,2000023,9.72863667059711e-09,6381,True
rosenbrock,10,random,pcg64,21,2000024,3.986579112347137,20001,False
rosenbrock,10,random,pcg64,22,2000025,8.506446046325398e-09,7291,True
rosenbrock,10,random,pcg64,23,2000026,3.748251038910577e-09,6661,True
rosenbrock,10,random,pcg64,24,2000027,3.9865791123471372,20001,False
rosenbrock,10,random,pcg64,25,2000028,5.718333401777693e-09,5691,True
rosenbrock,10,random,pcg64,26,2000029,3.986579112347137,20001,False
rosenbrock,10,random,pcg64,27,2000030,7.21736678434401e-09,5851,True
rosenbrock,10,random,pcg64,28,2000031,5.648418187067243e-09,6571,True
rosenbrock,10,random,pcg64,29,2000032,7.67354301779735e-09,6961,True
rosenbrock,10,random,pcg64,30,2000033,7.572603118913265e-09,6461,True
rosenbrock,10,random,mt19937,1,2000004,9.909938641753749e-09,5751,True
rosenbrock,10,random,mt19937,2,2000005,8.515458324229635e-09,6531,True
rosenbrock,10,random,mt19937,3,2000006,3.986579112347137,20001,False
rosenbrock,10,random,mt19937,4,2000007,9.91822046745823e-09,9501,True
rosenbrock,10,random,mt19937,5,2000008,6.9589373420790015e-09,6771,True
rosenbrock,10,random,mt19937,6,2000009,5.63930348419203e-09,6691,True
rosenbrock,10,random,mt19937,7,2000010,7.261997804443814e-09,5671,True
rosenbrock,10,random,mt19937,8,2000011,6.687783431485302e-09,6101,True
rosenbrock,10,random,mt19937,9,2000012,7.55878400758899e-09,5901,True
rosenbrock,10,random,mt19937,10,2000013,9.506589352037813e-09,5981,True
rosenbrock,10,random,mt19937,11,2000014,6.585386163605539e-09,6331,True
rosenbrock,10,random,mt19937,12,2000015,3.2266980158579517e-09,8031,True
rosenbrock,10,random,mt19937,13,2000016,3.779655476112581e-09,6411,True
rosenbrock,10,random,mt19937,14,2000017,6.099030615343444e-09,7901,True
rosenbrock,10,random,mt19937,15,2000018,6.458439668720397e-09,5931,True
rosenbrock,10,random,mt19937,16,2000019,5.0208911743209935e-09,6211,True
rosenbrock,10,random,mt19937,17,2000020,9.421239698033036e-09,5881,True
rosenbrock,10,random,mt19937,18,2000021,7.793209010740592e-09,6631,True
rosenbrock,10,random,mt19937,19,2000022,4.87278714792413e-09,5151,True
rosenbrock,10,random,mt19937,20,2000023,8.07021250837686e-09,6701,True
rosenbrock,10,random,mt19937,21,2000024,6.7113590195527745e-09,8971,True
rosenbrock,10,random,mt19937,22,2000025,3.986579112347137,20001,False
rosenbrock,10,random,mt19937,23,2000026,7.95315118526589e-09,7351,True
rosenbrock,10,random,mt19937,24,2000027,7.915979188073958e-09,6181,True
rosenbrock,10,random,mt19937,25,2000028,6.0410556912139494e-09,8071,True
rosenbrock,10,random,mt19937,26,2000029,9.55816371152758e-09,6701,True
rosenbrock,10,random,mt19937,27,2000030,9.84658962092671e-09,6021,True
rosenbrock,10,random,mt19937,28,2000031,6.909200374872512e-09,6531,True
rosenbrock,10,random,mt19937,29,2000032,9.767459420721007e-09,6271,True
rosenbrock,10,random,mt19937,30,2000033,3.9865791123471372,20001,False
rosenbrock,30,zero,pcg64,1,2000004,13.53671598090884,20007,False
rosenbrock,30,zero,pcg64,2,2000005,14.90796918817812,20007,False
rosenbrock,30,zero,pcg64,3,2000006,13.583770849687218,20007,False
rosenbrock,30,zero,pcg64,4,2000007,11.32383153266689,20007,False
rosenbrock,30,zero,pcg64,5,2000008,13.541151673639899,20007,False
rosenbrock,30,zero,pcg64,6,2000009,12.371893626212595,20007,False
rosenbrock,30,zero,pcg64,7,2000010,14.191926225015948,20007,False
rosenbrock,30,zero,pcg64,8,2000011,12.022848641783373,20007,False
rosenbrock,30,zero,pcg64,9,2000012,12.071592390876758,20007,False
rosenbrock,30,zero,pcg64,10,2000013,10.7314421723209,20007,False
rosenbrock,30,zero,pcg64,11,2000014,14.14669614818199,20007,False
rosenbrock,30,zero,pcg64,12,2000015,11.731602321359265,20007,False
rosenbrock,30,zero,pcg64,13,2000016,12.968372239931318,20007,False
rosenbrock,30,zero,pcg64,14,2000017,13.708146667272219,20007,False
rosenbrock,30,zero,pcg64,15,2000018,12.728984563818896,20007,False
rosenbrock,30,zero,pcg64,16,2000019,15.868039968835781,20007,False
rosenbrock,30,zero,pcg64,17,2000020,15.903896630895858,20007,False
rosenbrock,30,zero,pcg64,18,2000021,16.110979521494897,20007,False
rosenbrock,30,zero,pcg64,19,2000022,11.053808288123097,20007,False
rosenbrock,30,zero,pcg64,20,2000023,10.826882880698047,20007,False
rosenbrock,30,zero,pcg64,21,2000024,14.104165332707392,20007,False
rosenbrock,30,zero,pcg64,22,2000025,14.959056084144763,20007,False
rosenbrock,30,zero,pcg64,23,2000026,13.052383282315471,20007,False
rosenbrock,30,zero,pcg64,24,2000027,11.898875197601338,20007,False
rosenbrock,30,zero,pcg64,25,2000028,11.846233227289124,20007,False
rosenbrock,30,zero,pcg64,26,2000029,10.925396347472173,20007,False
rosenbrock,30,zero,pcg64,27,2000030,11.703579675291056,20007,False
rosenbrock,30,zero,pcg64,28,2000031,12.209900570884392,20007,False
rosenbrock,30,zero,pcg64,29,2000032,11.87992929170542,20007,False
rosenbrock,30,zero,pcg64,30,2000033,10.863813432281198,20007,False
rosenbrock,30,zero,mt19937,1,2000004,17.493904394377232,20007,False
rosenbrock,30,zero,mt19937,2,2000005,12.688718273356805,20007,False
rosenbrock,30,zero,mt19937,3,2000006,10.934929402436957,20007,False
rosenbrock,30,zero,mt19937,4,2000007,14.2491231619102,20007,False
rosenbrock,30,zero,mt19937,5,2000008,14.632167742560558,20007,False
rosenbrock,30,zero,mt19937,6,2000009,13.126675476180267,20007,False
rosenbrock,30,zero,mt19937,7,2000010,12.299246421158475,20007,False
rosenbrock,30,zero,mt19937,8,2000011,16.30229475393613,20007,False
rosenbrock,30,zero,mt19937,9,2000012,12.561684841771992,20007,False
rosenbrock,30,zero,mt19937,10,2000013,10.305211086388413,20007,False
rosenbrock,30,zero,mt19937,11,2000014,14.835901072987086,20007,False
rosenbrock,30,zero,mt19937,12,2000015,13.502694956723168,20007,False
rosenbrock,30,zero,mt19937,13,2000016,12.63651749007132,20007,False
rosenbrock,30,zero,mt19937,14,2000017,15.778782055809916,20007,False
rosenbrock,30,zero,mt19937,15,2000018,15.920764206998703,20007,False
rosenbrock,30,zero,mt19937,16,2000019,9.162589446116689,20007,False
rosenbrock,30,zero,mt19937,17,2000020,13.122315984911381,20007,False
rosenbrock,30,zero,mt19937,18,2000021,12.246038906976803,20007,False
rosenbrock,30,zero,mt19937,19,2000022,12.726884775572861,20007,False
rosenbrock,30,zero,mt19937,20,2000023,19.174830886148527,20007,False
rosenbrock,30,zero,mt19937,21,2000024,12.036466461764464,20007,False
rosenbrock,30,zero,mt19937,22,2000025,15.517395161583934,20007,False
rosenbrock,30,zero,mt19937,23,2000026,13.065790737878269,20007,False
rosenbrock,30,zero,mt19937,24,2000027,11.79215219210469,20007,False
rosenbrock,30,zero,mt19937,25,2000028,11.226728542554236,20007,False
rosenbrock,30,zero,mt19937,26,2000029,13.191743718842517,20007,False
rosenbrock,30,zero,mt19937,27,2000030,11.843982501075663,20007,False
rosenbrock,30,zero,mt19937,28,2000031,17.21941800549893,20007,False
rosenbrock,30,zero,mt19937,29,2000032,11.026032310882004,20007,False
rosenbrock,30,zero,mt19937,30,2000033,11.723490936531931,20007,False
rosenbrock,30,random,pcg64,1,2000004,14.885689765925868,20007,False
rosenbrock,30,random,pcg64,2,2000005,15.481894002315068,20007,False
rosenbrock,30,random,pcg64,3,2000006,16.228078274352434,20007,False
rosenbrock,30,random,pcg64,4,2000007,12.708448076684366,20007,False
rosenbrock,30,random,pcg64,5,2000008,16.71344137716344,20007,False
rosenbrock,30,random,pcg64,6,2000009,13.33914043129656,20007,False
rosenbrock,30,random,pcg64,7,2000010,14.882291805062744,20007,False
rosenbrock,30,random,pcg64,8,2000011,10.139030976430039,20007,False
rosenbrock,30,random,pcg64,9,2000012,13.516652451135938,20007,False
rosenbrock,30,random,pcg64,10,2000013,12.199807889729653,20007,False
rosenbrock,30,random,pcg64,11,2000014,11.600831050284025,20007,False
rosenbrock,30,random,pcg64,12,2000015,16.117192848167463,20007,False
rosenbrock,30,random,pcg64,13,2000016,12.256244929072881,20007,False
rosenbrock,30,random,pcg64,14,2000017,13.154899791772147,20007,False
rosenbrock,30,random,pcg64,15,2000018,14.205326864758097,20007,False
rosenbrock,30,random,pcg64,16,2000019,17.20616027693679,20007,False
rosenbrock,30,random,pcg64,17,2000020,13.494387975586607,20007,False
rosenbrock,30,random,pcg64,18,2000021,11.265493714706826,20007,False
rosenbrock,30,random,pcg64,19,2000022,10.29772419454585,20007,False
rosenbrock,30,random,pcg64,20,2000023,13.283132481268986,20007,False
rosenbrock,30,random,pcg64,21,2000024,13.00438217617625,20007,False
rosenbrock,30,random,pcg64,22,2000025,12.379703534807259,20007,False
rosenbrock,30,random,pcg64,23,2000026,13.08865706325571,20007,False
rosenbrock,30,random,pcg64,24,2000027,15.69004489075111,20007,False
rosenbrock,30,random,pcg64,25,2000028,12.695346176879202,20007,False
rosenbrock,30,random,pcg64,26,2000029,15.105367126183854,20007,False
rosenbrock,30,random,pcg64,27,2000030,14.100767205186179,20007,False
rosenbrock,30,random,pcg64,28,2000031,14.409311879160374,20007,False
rosenbrock,30,random,pcg64,29,2000032,11.043121768972997,20007,False
rosenbrock,30,random,pcg64,30,2000033,11.88358984914277,20007,False
rosenbrock,30,random,mt19937,1,2000004,12.88292159669355,20007,False
rosenbrock,30,random,mt19937,2,2000005,11.943460821057327,20007,False
rosenbrock,30,random,mt19937,3,2000006,12.03935965284627,20007,False
rosenbrock,30,random,mt19937,4,2000007,12.549352064834194,20007,False
rosenbrock,30,random,mt19937,5,2000008,10.540394957380263,20007,False
rosenbrock,30,random,mt19937,6,2000009,12.103470045914435,20007,False
rosenbrock,30,random,mt19937,7,2000010,14.17962631219503,20007,False
rosenbrock,30,random,mt19937,8,2000011,14.290471361419891,20007,False
rosenbrock,30,random,mt19937,9,2000012,18.016013710403513,20007,False
rosenbrock,30,random,mt19937,10,2000013,11.665158567203473,20007,False
rosenbrock,30,random,mt19937,11,2000014,68.9928774301391,20007,False
rosenbrock,30,random,mt19937,12,2000015,12.052344587365516,20007,False
rosenbrock,30,random,mt19937,13,2000016,15.524434715249292,20007,False
rosenbrock,30,random,mt19937,14,2000017,12.031862046562559,20007,False
rosenbrock,30,random,mt19937,15,2000018,11.345238975105834,20007,False
rosenbrock,30,random,mt19937,16,2000019,10.307779622298762,20007,False
rosenbrock,30,random,mt19937,17,2000020,13.56117146807091,20007,False
rosenbrock,30,random,mt19937,18,2000021,54.75807732427148,20007,False
rosenbrock,30,random,mt19937,19,2000022,20.184591818858024,20007,False
rosenbrock,30,random,mt19937,20,2000023,12.245541221405336,20007,False
rosenbrock,30,random,mt19937,21,2000024,11.350216561803153,20007,False
rosenbrock,30,random,mt19937,22,2000025,12.049106615702309,20007,False
rosenbrock,30,random,mt19937,23,2000026,12.377843098393836,20007,False
rosenbrock,30,random,mt19937,24,2000027,18.571266868809715,20007,False
rosenbrock,30,random,mt19937,25,2000028,67.09465971463504,20007,False
rosenbrock,30,random,mt19937,26,2000029,2.892343117809407,20007,False
rosenbrock,30,random,mt19937,27,2000030,10.596799227332774,20007,False
rosenbrock,30,random,mt19937,28,2000031,12.057606775140881,20007,False
rosenbrock,30,random,mt19937,29,2000032,10.995112658698712,20007,False
rosenbrock,30,random,mt19937,30,2000033,10.80408847527764,20007,False
rastrigin,2,zero,pcg64,1,2000004,12.934432432041094,20005,False
rastrigin,2,zero,pcg64,2,2000005,1.9899181141865796,20005,False
rastrigin,2,zero,pcg64,3,2000006,1.0856540090696818,20005,False
rastrigin,2,zero,pcg64,4,2000007,0.9949590570932898,20005,False
rastrigin,2,zero,pcg64,5,2000008,12.934432432041095,20005,False
rastrigin,2,zero,pcg64,6,2000009,1.1388931853160074,20005,False
rastrigin,2,zero,pcg64,7,2000010,0.9949590570932898,20005,False
rastrigin,2,zero,pcg64,8,2000011,19.899074983015616,20005,False
rastrigin,2,zero,pcg64,9,2000012,8.954601241487008,20005,False
rastrigin,2,zero,pcg64,10,2000013,24.873845033948538,20005,False
rastrigin,2,zero,pcg64,11,2000014,0.9949590570932898,20005,False
rastrigin,2,zero,pcg64,12,2000015,2.3702805968673033,20005,False
rastrigin,2,zero,pcg64,13,2000016,0.9949590570932898,20005,False
rastrigin,2,zero,pcg64,14,2000017,9.949560298580298,20005,False
rastrigin,2,zero,pcg64,15,2000018,0.9949590570932898,20005,False
rastrigin,2,zero,pcg64,16,2000019,1.9899181141865796,20005,False
rastrigin,2,zero,pcg64,17,2000020,0.37025777720223374,20005,False
rastrigin,2,zero,pcg64,18,2000021,3.979831190554087,20005,False
rastrigin,2,zero,pcg64,19,2000022,1.7341596204834246,20005,False
rastrigin,2,zero,pcg64,20,2000023,1.5314324624631084,20005,False
rastrigin,2,zero,pcg64,21,2000024,8.732889966722723e-09,325,True
rastrigin,2,zero,pcg64,22,2000025,3.979831190554087,20005,False
rastrigin,2,zero,pcg64,23,2000026,0.9949590570932898,20005,False
rastrigin,2,zero,pcg64,24,2000027,1.5277997248187347,20005,False
rastrigin,2,zero,pcg64,25,2000028,0.9949590570932898,20005,False
rastrigin,2,zero,pcg64,26,2000029,3.5515149033447635,20005,False
rastrigin,2,zero,pcg64,27,2000030,1.9899181141865796,20005,False
rastrigin,2,zero,pcg64,28,2000031,7.959662381108171,20005,False
rastrigin,2,zero,pcg64,29,2000032,0.9949590570932898,20005,False
rastrigin,2,zero,pcg64,30,2000033,1.8740713404285536,20005,False
rastrigin,2,zero,mt19937,1,2000004,0.9949590570932898,20005,False
rastrigin,2,zero,mt19937,2,2000005,19.899074983015616,20005,False
rastrigin,2,zero,mt19937,3,2000006,3.979831190554087,20005,False
rastrigin,2,zero,mt19937,4,2000007,1.9899181141865796,20005,False
rastrigin,2,zero,mt19937,5,2000008,1.7420145346835127,20005,False
rastrigin,2,zero,mt19937,6,2000009,3.979831190554087,20005,False
rastrigin,2,zero,mt19937,7,2000010,0.9949590570932898,20005,False
rastrigin,2,zero,mt19937,8,2000011,8.954601241487008,20005,False
rastrigin,2,zero,mt19937,9,2000012,1.7742032021710372,20005,False
rastrigin,2,zero,mt19937,10,2000013,4.162640875959294,20005,False
rastrigin,2,zero,mt19937,11,2000014,15.919243792461529,20005,False
rastrigin,2,zero,mt19937,12,2000015,1.9899181141865796,20005,False
rastrigin,2,zero,mt19937,13,2000016,6.847024280887126e-09,343,True
rastrigin,2,zero,mt19937,14,2000017,0.573047960816794,20005,False
rastrigin,2,zero,mt19937,15,2000018,3.979831190554087,20005,False
rastrigin,2,zero,mt19937,16,2000019,3.979831190554087,20005,False
rastrigin,2,zero,mt19937,17,2000020,6.006761310572983e-09,385,True
rastrigin,2,zero,mt19937,18,2000021,1.9899181141865796,20005,False
rastrigin,2,zero,mt19937,19,2000022,4.974790247647377,20005,False
rastrigin,2,zero,mt19937,20,2000023,1.9899181141865796,20005,False
rastrigin,2,zero,mt19937,21,2000024,4.974790247647377,20005,False
rastrigin,2,zero,mt19937,22,2000025,1.9899181141865796,20005,False
rastrigin,2,zero,mt19937,23,2000026,8.371245030502905e-09,415,True
rastrigin,2,zero,mt19937,24,2000027,0.8833925328341579,20005,False
rastrigin,2,zero,mt19937,25,2000028,0.9949590570932898,20005,False
rastrigin,2,zero,mt19937,26,2000029,0.9949590570932898,20005,False
rastrigin,2,zero,mt19937,27,2000030,15.070632080046071,20005,False
rastrigin,2,zero,mt19937,28,2000031,0.21935833855600606,20005,False
rastrigin,2,zero,mt19937,29,2000032,31.83848758492306,20005,False
rastrigin,2,zero,mt19937,30,2000033,9.949560298580298,20005,False
rastrigin,2,random,pcg64,1,2000004,9.949560298580298,20005,False
rastrigin,2,random,pcg64,2,2000005,1.9899181141865796,20005,False
rastrigin,2,random,pcg64,3,2000006,1.7914204094765154,20005,False
rastrigin,2,random,pcg64,4,2000007,1.0341878464714682e-09,511,True
rastrigin,2,random,pcg64,5,2000008,16.91420284955482,20005,False
rastrigin,2,random,pcg64,6,2000009,0.9949590570932898,20005,False
rastrigin,2,random,pcg64,7,2000010,4.974790247647377,20005,False
rastrigin,2,random,pcg64,8,2000011,19.899074983015616,20005,False
rastrigin,2,random,pcg64,9,2000012,9.949560298580298,20005,False
rastrigin,2,random,pcg64,10,2000013,9.949560298580298,20005,False
rastrigin,2,random,pcg64,11,2000014,3.979831190554087,20005,False
rastrigin,2,random,pcg64,12,2000015,0.9949590570932898,20005,False
rastrigin,2,random,pcg64,13,2000016,2.881151465658121,20005,False
rastrigin,2,random,pcg64,14,2000017,9.893975587897078,20005,False
rastrigin,2,random,pcg64,15,2000018,1.9899181141865796,20005,False
rastrigin,2,random,pcg64,16,2000019,9.992000116199051e-09,451,True
rastrigin,2,random,pcg64,17,2000020,3.6955732130067567,20005,False
rastrigin,2,random,pcg64,18,2000021,9.058744865342305e-09,433,True
rastrigin,2,random,pcg64,19,2000022,5.687486055027886,20005,False
rastrigin,2,random,pcg64,20,2000023,0.9949590570932898,20005,False
rastrigin,2,random,pcg64,21,2000024,5.386411316976591e-10,355,True
rastrigin,2,random,pcg64,22,2000025,5.06360464669342e-09,487,True
rastrigin,2,random,pcg64,23,2000026,6.56569909551763e-10,391,True
rastrigin,2,random,pcg64,24,2000027,0.5659281348668586,20005,False
rastrigin,2,random,pcg64,25,2000028,8.37066593817326e-09,469,True
rastrigin,2,random,pcg64,26,2000029,0.9949590570932898,20005,False
rastrigin,2,random,pcg64,27,2000030,4.974790247647377,20005,False
rastrigin,2,random,pcg64,28,2000031,1.4139063037927855,20005,False
rastrigin,2,random,pcg64,29,2000032,1.9899181141865796,20005,False
rastrigin,2,random,pcg64,30,2000033,4.974790247647377,20005,False
rastrigin,2,random,mt19937,1,2000004,4.974790247647375,20005,False
rastrigin,2,random,mt19937,2,2000005,3.979831190554087,20005,False
rastrigin,2,random,mt19937,3,2000006,1.9899181141865796,20005,False
rastrigin,2,random,mt19937,4,2000007,1.3630375986753585,20005,False
rastrigin,2,random,mt19937,5,2000008,1.9899181141865796,20005,False
rastrigin,2,random,mt19937,6,2000009,0.9949590570932898,20005,False
rastrigin,2,random,mt19937,7,2000010,1.0816391792354239,20005,False
rastrigin,2,random,mt19937,8,2000011,0.861938446553367,20005,False
rastrigin,2,random,mt19937,9,2000012,0.9949590570932898,20005,False
rastrigin,2,random,mt19937,10,2000013,1.9899181141865796,20005,False
rastrigin,2,random,mt19937,11,2000014,0.9949590570932898,20005,False
rastrigin,2,random,mt19937,12,2000015,3.979831190554087,20005,False
rastrigin,2,random,mt19937,13,2000016,1.027210564816233,20005,False
rastrigin,2,random,mt19937,14,2000017,0.9949590570932898,20005,False
rastrigin,2,random,mt19937,15,2000018,0.7526926910042135,20005,False
rastrigin,2,random,mt19937,16,2000019,3.979831190554087,20005,False
rastrigin,2,random,mt19937,17,2000020,0.9949590570932898,20005,False
rastrigin,2,random,mt19937,18,2000021,5.2012403273238306e-09,409,True
rastrigin,2,random,mt19937,19,2000022,0.9949590570932898,20005,False
rastrigin,2,random,mt19937,20,2000023,0.9949590570932898,20005,False
rastrigin,2,random,mt19937,21,2000024,0.9949590570932898,20005,False
rastrigin,2,random,mt19937,22,2000025,9.110578957916005e-11,421,True
rastrigin,2,random,mt19937,23,2000026,0.9949590570932898,20005,False
rastrigin,2,random,mt19937,24,2000027,5.808048783736069,20005,False
rastrigin,2,random,mt19937,25,2000028,3.979831190554087,20005,False
rastrigin,2,random,mt19937,26,2000029,5.669485498614494,20005,False
rastrigin,2,random,mt19937,27,2000030,0.9949590570932898,20005,False
rastrigin,2,random,mt19937,28,2000031,1.9899181141865796,20005,False
rastrigin,2,random,mt19937,29,2000032,31.838487584923058,20005,False
rastrigin,2,random,mt19937,30,2000033,10.43242789335504,20005,False
rastrigin,10,zero,pcg64,1,2000004,13.929416723667913,20001,False
rastrigin,10,zero,pcg64,2,2000005,21.889074066957008,20001,False
rastrigin,10,zero,pcg64,3,2000006,12.934457666574616,20001,False
rastrigin,10,zero,pcg64,4,2000007,11.939498609481348,20001,False
rastrigin,10,zero,pcg64,5,2000008,4.974795285466456,20001,False
rastrigin,10,zero,pcg64,6,2000009,8.954626476020536,20001,False
rastrigin,10,zero,pcg64,7,2000010,12.93445766657463,20001,False
rastrigin,10,zero,pcg64,8,2000011,21.889038711347183,20001,False
rastrigin,10,zero,pcg64,9,2000012,17.909232755326627,20001,False
rastrigin,10,zero,pcg64,10,2000013,28.85370145903616,20001,False
rastrigin,10,zero,pcg64,11,2000014,14.92435558404675,20001,False
rastrigin,10,zero,pcg64,12,2000015,12.93445766657463,20001,False
rastrigin,10,zero,pcg64,13,2000016,13.929416723667913,20001,False
rastrigin,10,zero,pcg64,14,2000017,12.934457666574616,20001,False
rastrigin,10,zero,pcg64,15,2000018,7.959667418927268,20001,False
rastrigin,10,zero,pcg64,16,2000019,11.939503647300413,20001,False
rastrigin,10,zero,pcg64,17,2000020,11.939478412766874,20001,False
rastrigin,10,zero,pcg64,18,2000021,11.939498609481348,20001,False
rastrigin,10,zero,pcg64,19,2000022,7.959672456746318,20001,False
rastrigin,10,zero,pcg64,20,2000023,18.904186774600845,20001,False
rastrigin,10,zero,pcg64,21,2000024,7.959667418927239,20001,False
rastrigin,10,zero,pcg64,22,2000025,16.914288857128696,20001,False
rastrigin,10,zero,pcg64,23,2000026,27.858803174983237,20001,False
rastrigin,10,zero,pcg64,24,2000027,18.904201933496225,20001,False
rastrigin,10,zero,pcg64,25,2000028,5.969754342559753,20001,False
rastrigin,10,zero,pcg64,26,2000029,16.91426866041425,20001,False
rastrigin,10,zero,pcg64,27,2000030,13.929416723667913,20001,False
rastrigin,10,zero,pcg64,28,2000031,7.959667418927253,20001,False
rastrigin,10,zero,pcg64,29,2000032,1.9899181141865796,20001,False
rastrigin,10,zero,pcg64,30,2000033,13.929416723667913,20001,False
rastrigin,10,zero,mt19937,1,2000004,13.929411685848834,20001,False
rastrigin,10,zero,mt19937,2,2000005,18.904186774600845,20001,False
rastrigin,10,zero,mt19937,3,2000006,10.94454459020713,20001,False
rastrigin,10,zero,mt19937,4,2000007,17.909227717507548,20001,False
rastrigin,10,zero,mt19937,5,2000008,30.84366014954864,20001,False
rastrigin,10,zero,mt19937,6,2000009,6.96471339965305,20001,False
rastrigin,10,zero,mt19937,7,2000010,15.919329800035428,20001,False
rastrigin,10,zero,mt19937,8,2000011,17.909227717507548,20001,False
rastrigin,10,zero,mt19937,9,2000012,20.894115009863725,20001,False
rastrigin,10,zero,mt19937,10,2000013,15.919329800035428,20001,False
rastrigin,10,zero,mt19937,11,2000014,9.949585533113833,20001,False
rastrigin,10,zero,mt19937,12,2000015,20.894099850968345,20001,False
rastrigin,10,zero,mt19937,13,2000016,18.904201933496225,20001,False
rastrigin,10,zero,mt19937,14,2000017,17.909242876402914,20001,False
rastrigin,10,zero,mt19937,15,2000018,3.979836228373159,20001,False
rastrigin,10,zero,mt19937,16,2000019,7.959667418927253,20001,False
rastrigin,10,zero,mt19937,17,2000020,11.939498609481348,20001,False
rastrigin,10,zero,mt19937,18,2000021,10.94453955238805,20001,False
rastrigin,10,zero,mt19937,19,2000022,4.974795285466456,20001,False
rastrigin,10,zero,mt19937,20,2000023,6.964708361833971,20001,False
rastrigin,10,zero,mt19937,21,2000024,6.9647083618339565,20001,False
rastrigin,10,zero,mt19937,22,2000025,22.884017965154925,20001,False
rastrigin,10,zero,mt19937,23,2000026,6.96471339965305,20001,False
rastrigin,10,zero,mt19937,24,2000027,11.939478412766903,20001,False
rastrigin,10,zero,mt19937,25,2000028,22.884033124050305,20001,False
rastrigin,10,zero,mt19937,26,2000029,14.924375780761224,20001,False
rastrigin,10,zero,mt19937,27,2000030,27.85882337169768,20001,False
rastrigin,10,zero,mt19937,28,2000031,9.949585533113833,20001,False
rastrigin,10,zero,mt19937,29,2000032,14.924375780761224,20001,False
rastrigin,10,zero,mt19937,30,2000033,10.94453955238805,20001,False
rastrigin,10,random,pcg64,1,2000004,6.9647083618339565,20001,False
rastrigin,10,random,pcg64,2,2000005,10.944519355673592,20001,False
rastrigin,10,random,pcg64,3,2000006,4.974795285466456,20001,False
rastrigin,10,random,pcg64,4,2000007,5.969754342559753,20001,False
rastrigin,10,random,pcg64,5,2000008,11.939498609481348,20001,False
rastrigin,10,random,pcg64,6,2000009,12.934457666574616,20001,False
rastrigin,10,random,pcg64,7,2000010,17.90924791422202,20001,False
rastrigin,10,random,pcg64,8,2000011,7.959667418927253,20001,False
rastrigin,10,random,pcg64,9,2000012,14.92437074294213,20001,False
rastrigin,10,random,pcg64,10,2000013,10.94454459020713,20001,False
rastrigin,10,random,pcg64,11,2000014,9.949585533113833,20001,False
rastrigin,10,random,pcg64,12,2000015,12.934457666574644,20001,False
rastrigin,10,random,pcg64,13,2000016,12.934457666574616,20001,False
rastrigin,10,random,pcg64,14,2000017,15.919329800035428,20001,False
rastrigin,10,random,pcg64,15,2000018,4.974795285466456,20001,False
rastrigin,10,random,pcg64,16,2000019,16.91428885712871,20001,False
rastrigin,10,random,pcg64,17,2000020,15.919309603320983,20001,False
rastrigin,10,random,pcg64,18,2000021,18.904186774600845,20001,False
rastrigin,10,random,pcg64,19,2000022,19.899160990589507,20001,False
rastrigin,10,random,pcg64,20,2000023,11.939498609481348,20001,False
rastrigin,10,random,pcg64,21,2000024,12.934457666574616,20001,False
rastrigin,10,random,pcg64,22,2000025,16.914288857128696,20001,False
rastrigin,10,random,pcg64,23,2000026,21.889053870242563,20001,False
rastrigin,10,random,pcg64,24,2000027,8.954626476020536,20001,False
rastrigin,10,random,pcg64,25,2000028,6.9647133996530215,20001,False
rastrigin,10,random,pcg64,26,2000029,12.93445766657463,20001,False
rastrigin,10,random,pcg64,27,2000030,5.969754342559753,20001,False
rastrigin,10,random,pcg64,28,2000031,6.96471339965305,20001,False
rastrigin,10,random,pcg64,29,2000032,22.884033124050305,20001,False
rastrigin,10,random,pcg64,30,2000033,7.959667418927239,20001,False
rastrigin,10,random,mt19937,1,2000004,12.934457666574616,20001,False
rastrigin,10,random,mt19937,2,2000005,5.96974930474066,20001,False
rastrigin,10,random,mt19937,3,2000006,22.884033124050305,20001,False
rastrigin,10,random,mt19937,4,2000007,9.949585533113833,20001,False
rastrigin,10,random,mt19937,5,2000008,12.934457666574616,20001,False
rastrigin,10,random,mt19937,6,2000009,14.92437578076121,20001,False
rastrigin,10,random,mt19937,7,2000010,12.934437469860171,20001,False
rastrigin,10,random,mt19937,8,2000011,9.949585533113833,20001,False
rastrigin,10,random,mt19937,9,2000012,17.909247914222007,20001,False
rastrigin,10,random,mt19937,10,2000013,11.939498609481333,20001,False
rastrigin,10,random,mt19937,11,2000014,24.87393104152244,20001,False
rastrigin,10,random,mt19937,12,2000015,19.899160990589507,20001,False
rastrigin,10,random,mt19937,13,2000016,8.954626476020536,20001,False
rastrigin,10,random,mt19937,14,2000017,11.939498609481348,20001,False
rastrigin,10,random,mt19937,15,2000018,11.939498609481348,20001,False
rastrigin,10,random,mt19937,16,2000019,6.9647083618339565,20001,False
rastrigin,10,random,mt19937,17,2000020,20.89409985096836,20001,False
rastrigin,10,random,mt19937,18,2000021,9.949585533113833,20001,False
rastrigin,10,random,mt19937,19,2000022,12.934437469860171,20001,False
rastrigin,10,random,mt19937,20,2000023,10.944539552388036,20001,False
rastrigin,10,random,mt19937,21,2000024,28.853701459036174,20001,False
rastrigin,10,random,mt19937,22,2000025,5.969754342559753,20001,False
rastrigin,10,random,mt19937,23,2000026,19.899140793875063,20001,False
rastrigin,10,random,mt19937,24,2000027,11.939498609481348,20001,False
rastrigin,10,random,mt19937,25,2000028,14.92437578076121,20001,False
rastrigin,10,random,mt19937,26,2000029,19.899145831694142,20001,False
rastrigin,10,random,mt19937,27,2000030,30.84361453540366,20001,False
rastrigin,10,random,mt19937,28,2000031,7.959667418927253,20001,False
rastrigin,10,random,mt19937,29,2000032,7.959672456746333,20001,False
rastrigin,10,random,mt19937,30,2000033,20.89409985096836,20001,False
rastrigin,30,zero,pcg64,1,2000004,61.687365730345334,20007,False
rastrigin,30,zero,pcg64,2,2000005,59.697462775054106,20007,False
rastrigin,30,zero,pcg64,3,2000006,50.742826177957255,20007,False
rastrigin,30,zero,pcg64,4,2000007,49.74785196196859,20007,False
rastrigin,30,zero,pcg64,5,2000008,49.74789739321659,20007,False
rastrigin,30,zero,pcg64,6,2000009,41.78822997428932,20007,False
rastrigin,30,zero,pcg64,7,2000010,42.78317895574446,20007,False
rastrigin,30,zero,pcg64,8,2000011,55.71761138778555,20007,False
rastrigin,30,zero,pcg64,9,2000012,44.77308191103566,20007,False
rastrigin,30,zero,pcg64,10,2000013,69.64694714169866,20007,False
rastrigin,30,zero,pcg64,11,2000014,54.72259155765187,20007,False
rastrigin,30,zero,pcg64,12,2000015,39.79830682228368,20007,False
rastrigin,30,zero,pcg64,13,2000016,39.79830173902644,20007,False
rastrigin,30,zero,pcg64,14,2000017,40.793270917196025,20007,False
rastrigin,30,zero,pcg64,15,2000018,53.727713470313404,20007,False
rastrigin,30,zero,pcg64,16,2000019,28.85379754224823,20007,False
rastrigin,30,zero,pcg64,17,2000020,35.81850086626309,20007,False
rastrigin,30,zero,pcg64,18,2000021,61.687299919485866,20007,False
rastrigin,30,zero,pcg64,19,2000022,46.7630202219367,20007,False
rastrigin,30,zero,pcg64,20,2000023,45.76805612702432,20007,False
rastrigin,30,zero,pcg64,21,2000024,44.773102107750134,20007,False
rastrigin,30,zero,pcg64,22,2000025,78.60156354208107,20007,False
rastrigin,30,zero,pcg64,23,2000026,47.75795908231555,20007,False
rastrigin,30,zero,pcg64,24,2000027,49.74788731757843,20007,False
rastrigin,30,zero,pcg64,25,2000028,59.69744761615874,20007,False
rastrigin,30,zero,pcg64,26,2000029,46.763040418651144,20007,False
rastrigin,30,zero,pcg64,27,2000030,55.71761642560463,20007,False
rastrigin,30,zero,pcg64,28,2000031,55.71761642560463,20007,False
rastrigin,30,zero,pcg64,29,2000032,57.70744853221734,20007,False
rastrigin,30,zero,pcg64,30,2000033,58.70250371796081,20007,False
rastrigin,30,zero,mt19937,1,2000004,35.8184756317296,20007,False
rastrigin,30,zero,mt19937,2,2000005,45.76805612702435,20007,False
rastrigin,30,zero,mt19937,3,2000006,50.74286657138617,20007,False
rastrigin,30,zero,mt19937,4,2000007,56.712590641593295,20007,False
rastrigin,30,zero,mt19937,5,2000008,50.74281101906189,20007,False
rastrigin,30,zero,mt19937,6,2000009,69.64700287691994,20007,False
rastrigin,30,zero,mt19937,7,2000010,64.67227321941593,20007,False
rastrigin,30,zero,mt19937,8,2000011,66.66211054674466,20007,False
rastrigin,30,zero,mt19937,9,2000012,49.74790751429285,20007,False
rastrigin,30,zero,mt19937,10,2000013,36.813439726641946,20007,False
rastrigin,30,zero,mt19937,11,2000014,42.783158759030016,20007,False
rastrigin,30,zero,mt19937,12,2000015,48.752933298304185,20007,False
rastrigin,30,zero,mt19937,13,2000016,45.768081361557876,20007,False
rastrigin,30,zero,mt19937,14,2000017,57.707534539791226,20007,False
rastrigin,30,zero,mt19937,15,2000018,50.742826177957255,20007,False
rastrigin,30,zero,mt19937,16,2000019,35.81848066954865,20007,False
rastrigin,30,zero,mt19937,17,2000020,49.7478063478236,20007,False
rastrigin,30,zero,mt19937,18,2000021,36.81345488553734,20007,False
rastrigin,30,zero,mt19937,19,2000022,55.7176517812145,20007,False
rastrigin,30,zero,mt19937,20,2000023,54.722662406330414,20007,False
rastrigin,30,zero,mt19937,21,2000024,64.67221766709164,20007,False
rastrigin,30,zero,mt19937,22,2000025,75.61670656751565,20007,False
rastrigin,30,zero,mt19937,23,2000026,48.75293329830424,20007,False
rastrigin,30,zero,mt19937,24,2000027,55.71755565256427,20007,False
rastrigin,30,zero,mt19937,25,2000028,44.773102107750105,20007,False
rastrigin,30,zero,mt19937,26,2000029,34.823536771350746,20007,False
rastrigin,30,zero,mt19937,27,2000030,54.72267756522578,20007,False
rastrigin,30,zero,mt19937,28,2000031,50.742831215776334,20007,False
rastrigin,30,zero,mt19937,29,2000032,40.79329111391047,20007,False
rastrigin,30,zero,mt19937,30,2000033,76.61161007228463,20007,False
rastrigin,30,random,pcg64,1,2000004,30.843710618615717,20007,False
rastrigin,30,random,pcg64,2,2000005,49.74787215868304,20007,False
rastrigin,30,random,pcg64,3,2000006,65.66715148965142,20007,False
rastrigin,30,random,pcg64,4,2000007,64.6721974703772,20007,False
rastrigin,30,random,pcg64,5,2000008,53.72765773509218,20007,False
rastrigin,30,random,pcg64,6,2000009,49.747907514292876,20007,False
rastrigin,30,random,pcg64,7,2000010,33.82856759318116,20007,False
rastrigin,30,random,pcg64,8,2000011,72.63186488930444,20007,False
rastrigin,30,random,pcg64,9,2000012,72.63185481366628,20007,False
rastrigin,30,random,pcg64,10,2000013,32.833603498268815,20007,False
rastrigin,30,random,pcg64,11,2000014,25.86892037096834,20007,False
rastrigin,30,random,pcg64,12,2000015,37.808393745916135,20007,False
rastrigin,30,random,pcg64,13,2000016,91.5360163537336,20007,False
rastrigin,30,random,pcg64,14,2000017,64.67219747037717,20007,False
rastrigin,30,random,pcg64,15,2000018,44.77307687321658,20007,False
rastrigin,30,random,pcg64,16,2000019,62.68229955290508,20007,False
rastrigin,30,random,pcg64,17,2000020,48.752933298304214,20007,False
rastrigin,30,random,pcg64,18,2000021,42.78316379684907,20007,False
rastrigin,30,random,pcg64,19,2000022,52.73273925432474,20007,False
rastrigin,30,random,pcg64,20,2000023,33.8285827520765,20007,False
rastrigin,30,random,pcg64,21,2000024,61.68732515401939,20007,False
rastrigin,30,random,pcg64,22,2000025,50.742770442736,20007,False
rastrigin,30,random,pcg64,23,2000026,54.72263717179689,20007,False
rastrigin,30,random,pcg64,24,2000027,49.74780131000449,20007,False
rastrigin,30,random,pcg64,25,2000028,31.838654516813676,20007,False
rastrigin,30,random,pcg64,26,2000029,76.61162523118,20007,False
rastrigin,30,random,pcg64,27,2000030,33.82857771425745,20007,False
rastrigin,30,random,pcg64,28,2000031,58.702453203455605,20007,False
rastrigin,30,random,pcg64,29,2000032,58.70250371796081,20007,False
rastrigin,30,random,pcg64,30,2000033,59.69744761615874,20007,False
rastrigin,30,random,mt19937,1,2000004,71.63689575657298,20007,False
rastrigin,30,random,mt19937,2,2000005,45.76805612702432,20007,False
rastrigin,30,random,mt19937,3,2000006,58.702483521246336,20007,False
rastrigin,30,random,mt19937,4,2000007,33.8285827520765,20007,False
rastrigin,30,random,mt19937,5,2000008,66.66209016713321,20007,False
rastrigin,30,random,mt19937,6,2000009,76.61168600422036,20007,False
rastrigin,30,random,mt19937,7,2000010,49.74787215868304,20007,False
rastrigin,30,random,mt19937,8,2000011,61.68736069252623,20007,False
rastrigin,30,random,mt19937,9,2000012,72.63185463076931,20007,False
rastrigin,30,random,mt19937,10,2000013,60.69234590021165,20007,False
rastrigin,30,random,mt19937,11,2000014,62.682314711800416,20007,False
rastrigin,30,random,mt19937,12,2000015,47.75798940010628,20007,False
rastrigin,30,random,mt19937,13,2000016,43.77814305065681,20007,False
rastrigin,30,random,mt19937,14,2000017,38.803337644114094,20007,False
rastrigin,30,random,mt19937,15,2000018,74.62171215481249,20007,False
rastrigin,30,random,mt19937,16,2000019,82.5813745359207,20007,False
rastrigin,30,random,mt19937,17,2000020,57.707549698686535,20007,False
rastrigin,30,random,mt19937,18,2000021,58.70244798273953,20007,False
rastrigin,30,random,mt19937,19,2000022,37.80841898044969,20007,False
rastrigin,30,random,mt19937,20,2000023,61.6872847605905,20007,False
rastrigin,30,random,mt19937,21,2000024,41.78825017100377,20007,False
rastrigin,30,random,mt19937,22,2000025,52.73273925432474,20007,False
rastrigin,30,random,mt19937,23,2000026,32.83361865716415,20007,False
rastrigin,30,random,mt19937,24,2000027,45.76799535398396,20007,False
rastrigin,30,random,mt19937,25,2000028,30.84369545972038,20007,False
rastrigin,30,random,mt19937,26,2000029,46.763000025222254,20007,False
rastrigin,30,random,mt19937,27,2000030,28.853787466610072,20007,False
rastrigin,30,random,mt19937,28,2000031,49.74788731757843,20007,False
rastrigin,30,random,mt19937,29,2000032,56.71256032380256,20007,False
rastrigin,30,random,mt19937,30,2000033,83.57637920715896,20007,False
ackley,2,zero,pcg64,1,2000004,2.811639365773999e-09,607,True
ackley,2,zero,pcg64,2,2000005,4.925990726434293e-09,535,True
ackley,2,zero,pcg64,3,2000006,3.716849494850294e-09,589,True
ackley,2,zero,pcg64,4,2000007,8.952799834816005e-09,547,True
ackley,2,zero,pcg64,5,2000008,8.574230214719591e-10,505,True
ackley,2,zero,pcg64,6,2000009,3.6493976729445876e-09,523,True
ackley,2,zero,pcg64,7,2000010,1.8168901938508952e-09,517,True
ackley,2,zero,pcg64,8,2000011,7.895245790479066e-09,565,True
ackley,2,zero,pcg64,9,2000012,9.573352333092089e-09,607,True
ackley,2,zero,pcg64,10,2000013,9.546508028535072e-09,595,True
ackley,2,zero,pcg64,11,2000014,9.017956603685207e-09,529,True
ackley,2,zero,pcg64,12,2000015,9.693583269410055e-09,517,True
ackley,2,zero,pcg64,13,2000016,9.231151398836346e-09,559,True
ackley,2,zero,pcg64,14,2000017,8.127074568875514e-09,499,True
ackley,2,zero,pcg64,15,2000018,8.465093959131309e-09,511,True
ackley,2,zero,pcg64,16,2000019,6.586884371273527e-09,511,True
ackley,2,zero,pcg64,17,2000020,7.981260541356505e-09,589,True
ackley,2,zero,pcg64,18,2000021,8.863086708998935e-09,577,True
ackley,2,zero,pcg64,19,2000022,8.846950283469823e-09,535,True
ackley,2,zero,pcg64,20,2000023,4.322452173965985e-09,583,True
ackley,2,zero,pcg64,21,2000024,7.963404602406854e-09,547,True
ackley,2,zero,pcg64,22,2000025,9.275038070910568e-09,529,True
ackley,2,zero,pcg64,23,2000026,4.004686804393032e-09,547,True
ackley,2,zero,pcg64,24,2000027,9.733046812954171e-09,631,True
ackley,2,zero,pcg64,25,2000028,6.73449251920033e-09,505,True
ackley,2,zero,pcg64,26,2000029,8.882701241219593e-09,553,True
ackley,2,zero,pcg64,27,2000030,4.795918773226049e-09,577,True
ackley,2,zero,pcg64,28,2000031,2.5270527892473638e-09,583,True
ackley,2,zero,pcg64,29,2000032,7.7748976146097e-09,517,True
ackley,2,zero,pcg64,30,2000033,9.273023682254689e-09,535,True
ackley,2,zero,mt19937,1,2000004,8.652417893273423e-09,565,True
ackley,2,zero,mt19937,2,2000005,7.106614408058931e-09,589,True
ackley,2,zero,mt19937,3,2000006,4.371444095596644e-09,535,True
ackley,2,zero,mt19937,4,2000007,4.76312722597072e-09,589,True
ackley,2,zero,mt19937,5,2000008,8.876189117046351e-09,523,True
ackley,2,zero,mt19937,6,2000009,5.438636652144169e-09,631,True
ackley,2,zero,mt19937,7,2000010,5.262969171582199e-09,529,True
ackley,2,zero,mt19937,8,2000011,6.160256749154769e-09,511,True
ackley,2,zero,mt19937,9,2000012,5.60413981887109e-09,631,True
ackley,2,zero,mt19937,10,2000013,8.917272698028e-09,571,True
ackley,2,zero,mt19937,11,2000014,5.2136504002930906e-09,535,True
ackley,2,zero,mt19937,12,2000015,4.523759589147858e-09,565,True
ackley,2,zero,mt19937,13,2000016,8.14349521149893e-09,457,True
ackley,2,zero,mt19937,14,2000017,7.431900872489905e-09,511,True
ackley,2,zero,mt19937,15,2000018,7.929092493696999e-09,541,True
ackley,2,zero,mt19937,16,2000019,4.9654933498288756e-09,529,True
ackley,2,zero,mt19937,17,2000020,5.177846151838139e-09,529,True
ackley,2,zero,mt19937,18,2000021,4.7732560126689805e-09,529,True
ackley,2,zero,mt19937,19,2000022,8.737611967291059e-09,541,True
ackley,2,zero,mt19937,20,2000023,4.1068379807995825e-09,571,True
ackley,2,zero,mt19937,21,2000024,7.918913969007235e-09,559,True
ackley,2,zero,mt19937,22,2000025,6.477666847359842e-09,559,True
ackley,2,zero,mt19937,23,2000026,9.814627777160467e-09,595,True
ackley,2,zero,mt19937,24,2000027,4.267100894850273e-09,637,True
ackley,2,zero,mt19937,25,2000028,1.0398201159300666,20005,False
ackley,2,zero,mt19937,26,2000029,7.293384118867152e-09,517,True
ackley,2,zero,mt19937,27,2000030,8.558235453648422e-09,565,True
ackley,2,zero,mt19937,28,2000031,6.5674830018735975e-09,553,True
ackley,2,zero,mt19937,29,2000032,10.998262102599444,20005,False
ackley,2,zero,mt19937,30,2000033,7.7955104593741e-09,481,True
ackley,2,random,pcg64,1,2000004,6.258727314190082e-09,607,True
ackley,2,random,pcg64,2,2000005,4.529856045820679e-09,523,True
ackley,2,random,pcg64,3,2000006,7.645102773068402e-09,601,True
ackley,2,random,pcg64,4,2000007,7.247795696940784e-09,577,True
ackley,2,random,pcg64,5,2000008,9.87192949608584e-09,523,True
ackley,2,random,pcg64,6,2000009,5.6603686182654656e-09,481,True
ackley,2,random,pcg64,7,2000010,5.597734276108213e-09,577,True
ackley,2,random,pcg64,8,2000011,4.433946987347781e-09,583,True
ackley,2,random,pcg64,9,2000012,9.19968501378321e-09,547,True
ackley,2,random,pcg64,10,2000013,4.9409192293126125e-09,607,True
ackley,2,random,pcg64,11,2000014,9.492652441878136e-09,499,True
ackley,2,random,pcg64,12,2000015,5.281457493566677e-09,553,True
ackley,2,random,pcg64,13,2000016,6.744024450000552e-09,565,True
ackley,2,random,pcg64,14,2000017,5.64483615406175e-09,607,True
ackley,2,random,pcg64,15,2000018,7.253892153613606e-09,541,True
ackley,2,random,pcg64,16,2000019,8.984454513694118e-09,559,True
ackley,2,random,pcg64,17,2000020,9.583296378679051e-09,601,True
ackley,2,random,pcg64,18,2000021,6.63737553807664e-09,553,True
ackley,2,random,pcg64,19,2000022,3.76318398664921e-09,553,True
ackley,2,random,pcg64,20,2000023,4.133788866766963e-09,619,True
ackley,2,random,pcg64,21,2000024,7.450264849495625e-09,469,True
ackley,2,random,pcg64,22,2000025,7.788557798704687e-09,565,True
ackley,2,random,pcg64,23,2000026,1.987392028723889e-09,499,True
ackley,2,random,pcg64,24,2000027,7.783637290259549e-09,619,True
ackley,2,random,pcg64,25,2000028,7.547612757008437e-09,499,True
ackley,2,random,pcg64,26,2000029,9.079923035670845e-09,553,True
ackley,2,random,pcg64,27,2000030,8.24905344032345e-09,559,True
ackley,2,random,pcg64,28,2000031,8.32789881499707e-09,589,True
ackley,2,random,pcg64,29,2000032,5.5393098996603385e-09,607,True
ackley,2,random,pcg64,30,2000033,7.226706788543424e-09,523,True
ackley,2,random,mt19937,1,2000004,8.371664694806213e-09,577,True
ackley,2,random,mt19937,2,2000005,3.880217480656256e-09,649,True
ackley,2,random,mt19937,3,2000006,6.492666404511738e-09,529,True
ackley,2,random,mt19937,4,2000007,9.853402094250896e-09,565,True
ackley,2,random,mt19937,5,2000008,7.407078062016126e-09,547,True
ackley,2,random,mt19937,6,2000009,8.769426518284718e-09,595,True
ackley,2,random,mt19937,7,2000010,6.100741689607503e-09,607,True
ackley,2,random,mt19937,8,2000011,9.925355204387643e-09,577,True
ackley,2,random,mt19937,9,2000012,8.940802320722696e-09,595,True
ackley,2,random,mt19937,10,2000013,6.250190143219925e-09,619,True
ackley,2,random,mt19937,11,2000014,3.837858475463918e-09,529,True
ackley,2,random,mt19937,12,2000015,9.932563660441929e-09,595,True
ackley,2,random,mt19937,13,2000016,6.585015643878478e-09,499,True
ackley,2,random,mt19937,14,2000017,7.930975431946763e-09,487,True
ackley,2,random,mt19937,15,2000018,6.437158805994159e-09,547,True
ackley,2,random,mt19937,16,2000019,8.842068854875151e-09,493,True
ackley,2,random,mt19937,17,2000020,9.251856614156395e-09,571,True
ackley,2,random,mt19937,18,2000021,8.977768306550615e-09,475,True
ackley,2,random,mt19937,19,2000022,6.682075781583308e-09,559,True
ackley,2,random,mt19937,20,2000023,5.939668756838046e-09,553,True
ackley,2,random,mt19937,21,2000024,6.750835446212022e-10,571,True
ackley,2,random,mt19937,22,2000025,9.914281395850821e-09,577,True
ackley,2,random,mt19937,23,2000026,2.8955473574399093e-09,601,True
ackley,2,random,mt19937,24,2000027,9.01089736160543e-09,601,True
ackley,2,random,mt19937,25,2000028,6.864571577835932e-09,547,True
ackley,2,random,mt19937,26,2000029,7.232717980087955e-09,553,True
ackley,2,random,mt19937,27,2000030,3.116160218752384e-09,565,True
ackley,2,random,mt19937,28,2000031,2.8702342724784558e-09,601,True
ackley,2,random,mt19937,29,2000032,10.998262102599444,20005,False
ackley,2,random,mt19937,30,2000033,4.548077914279247e-09,535,True
ackley,10,zero,pcg64,1,2000004,9.820013691097529e-09,2741,True
ackley,10,zero,pcg64,2,2000005,1.155148502709825,20001,False
ackley,10,zero,pcg64,3,2000006,9.62749213684333e-09,2681,True
ackley,10,zero,pcg64,4,2000007,9.857544558400377e-09,2811,True
ackley,10,zero,pcg64,5,2000008,9.308113835260201e-09,2861,True
ackley,10,zero,pcg64,6,2000009,9.297064895719132e-09,2611,True
ackley,10,zero,pcg64,7,2000010,9.032711023593265e-09,2811,True
ackley,10,zero,pcg64,8,2000011,8.641983573198786e-09,2771,True
ackley,10,zero,pcg64,9,2000012,8.029449549695755e-09,2871,True
ackley,10,zero,pcg64,10,2000013,9.005085122026912e-09,2821,True
ackley,10,zero,pcg64,11,2000014,6.038149980014396e-09,2911,True
ackley,10,zero,pcg64,12,2000015,7.646456356980025e-09,2981,True
ackley,10,zero,pcg64,13,2000016,9.20178822028106e-09,2621,True
ackley,10,zero,pcg64,14,2000017,9.71282121398076e-09,2831,True
ackley,10,zero,pcg64,15,2000018,7.750145858409496e-09,2881,True
ackley,10,zero,pcg64,16,2000019,4.67809302406863e-09,2761,True
ackley,10,zero,pcg64,17,2000020,8.034927834188466e-09,2771,True
ackley,10,zero,pcg64,18,2000021,7.580173377874644e-09,2941,True
ackley,10,zero,pcg64,19,2000022,7.572197535665737e-09,2841,True
ackley,10,zero,pcg64,20,2000023,7.3461632332794125e-09,2711,True
ackley,10,zero,pcg64,21,2000024,7.3258061838998856e-09,2811,True
ackley,10,zero,pcg64,22,2000025,9.836732761669964e-09,2711,True
ackley,10,zero,pcg64,23,2000026,8.754647229380907e-09,2941,True
ackley,10,zero,pcg64,24,2000027,6.366612570474217e-09,2731,True
ackley,10,zero,pcg64,25,2000028,7.589392669871131e-09,2821,True
ackley,10,zero,pcg64,26,2000029,9.281067026023493e-09,2701,True
ackley,10,zero,pcg64,27,2000030,9.426163405379384e-09,2791,True
ackley,10,zero,pcg64,28,2000031,9.478338558466248e-09,2591,True
ackley,10,zero,pcg64,29,2000032,8.566548803656815e-09,2731,True
ackley,10,zero,pcg64,30,2000033,9.805628753412066e-09,2871,True
ackley,10,zero,mt19937,1,2000004,9.336233564027907e-09,2751,True
ackley,10,zero,mt19937,2,2000005,9.937516143310177e-09,3031,True
ackley,10,zero,mt19937,3,2000006,9.543303480796794e-09,2601,True
ackley,10,zero,mt19937,4,2000007,9.584905757975548e-09,2941,True
ackley,10,zero,mt19937,5,2000008,8.377725624342247e-09,2591,True
ackley,10,zero,mt19937,6,2000009,8.662418782279246e-09,2801,True
ackley,10,zero,mt19937,7,2000010,8.497871295531922e-09,2791,True
ackley,10,zero,mt19937,8,2000011,9.915894327860997e-09,2861,True
ackley,10,zero,mt19937,9,2000012,8.049824362643676e-09,2901,True
ackley,10,zero,mt19937,10,2000013,7.704425986077013e-09,2851,True
ackley,10,zero,mt19937,11,2000014,8.266699769166053e-09,2601,True
ackley,10,zero,mt19937,12,2000015,8.571938270307555e-09,2731,True
ackley,10,zero,mt19937,13,2000016,8.1673978691299e-09,2751,True
ackley,10,zero,mt19937,14,2000017,9.902358488744767e-09,2881,True
ackley,10,zero,mt19937,15,2000018,5.892254240080774e-09,2701,True
ackley,10,zero,mt19937,16,2000019,9.018827018536513e-09,2791,True
ackley,10,zero,mt19937,17,2000020,7.721496775303649e-09,2851,True
ackley,10,zero,mt19937,18,2000021,8.438061360749316e-09,2761,True
ackley,10,zero,mt19937,19,2000022,9.286399649255372e-09,2731,True
ackley,10,zero,mt19937,20,2000023,9.696098590694646e-09,2841,True
ackley,10,zero,mt19937,21,2000024,7.728065742895751e-09,2701,True
ackley,10,zero,mt19937,22,2000025,9.577594273224577e-09,2901,True
ackley,10,zero,mt19937,23,2000026,8.594057465671767e-09,2791,True
ackley,10,zero,mt19937,24,2000027,8.663449069246099e-09,2791,True
ackley,10,zero,mt19937,25,2000028,9.50753831219231e-09,2771,True
ackley,10,zero,mt19937,26,2000029,9.87637394089802e-09,2851,True
ackley,10,zero,mt19937,27,2000030,7.689248793241177e-09,2811,True
ackley,10,zero,mt19937,28,2000031,7.1860672967716255e-09,2851,True
ackley,10,zero,mt19937,29,2000032,6.827264531494848e-09,2821,True
ackley,10,zero,mt19937,30,2000033,8.779651228252305e-09,2711,True
ackley,10,random,pcg64,1,2000004,7.86606024760772e-09,2731,True
ackley,10,random,pcg64,2,2000005,8.574986498643966e-09,2661,True
ackley,10,random,pcg64,3,2000006,9.712359361202516e-09,2681,True
ackley,10,random,pcg64,4,2000007,7.877318797255839e-09,2611,True
ackley,10,random,pcg64,5,2000008,9.72105640428822e-09,2831,True
ackley,10,random,pcg64,6,2000009,9.408147594314187e-09,2771,True
ackley,10,random,pcg64,7,2000010,9.797286981694242e-09,2651,True
ackley,10,random,pcg64,8,2000011,8.265349737968108e-09,2771,True
ackley,10,random,pcg64,9,2000012,9.58484180912933e-09,2721,True
ackley,10,random,pcg64,10,2000013,6.652435491361075e-09,2761,True
ackley,10,random,pcg64,11,2000014,9.13034670091406e-09,2651,True
ackley,10,random,pcg64,12,2000015,6.6480834171045444e-09,2801,True
ackley,10,random,pcg64,13,2000016,8.288097763653468e-09,2621,True
ackley,10,random,pcg64,14,2000017,9.037723902594053e-09,2781,True
ackley,10,random,pcg64,15,2000018,1.155148502709825,20001,False
ackley,10,random,pcg64,16,2000019,8.642051074758683e-09,2801,True
ackley,10,random,pcg64,17,2000020,7.136215618430697e-09,2921,True
ackley,10,random,pcg64,18,2000021,6.169781574527633e-09,2821,True
ackley,10,random,pcg64,19,2000022,4.203827064230836e-09,2621,True
ackley,10,random,pcg64,20,2000023,8.073606228009567e-09,2791,True
ackley,10,random,pcg64,21,2000024,9.94298376966185e-09,2641,True
ackley,10,random,pcg64,22,2000025,7.959549908065355e-09,2621,True
ackley,10,random,pcg64,23,2000026,8.62420224123639e-09,2701,True
ackley,10,random,pcg64,24,2000027,1.155148502709825,20001,False
ackley,10,random,pcg64,25,2000028,7.70869634791893e-09,2651,True
ackley,10,random,pcg64,26,2000029,9.633482012105787e-09,2731,True
ackley,10,random,pcg64,27,2000030,7.038736260511769e-09,2811,True
ackley,10,random,pcg64,28,2000031,9.85392434316168e-09,2781,True
ackley,10,random,pcg64,29,2000032,9.986408588957829e-09,2811,True
ackley,10,random,pcg64,30,2000033,8.729593492518006e-09,2531,True
ackley,10,random,mt19937,1,2000004,8.438505449959166e-09,2741,True
ackley,10,random,mt19937,2,2000005,9.401550205012654e-09,2871,True
ackley,10,random,mt19937,3,2000006,8.491462200055366e-09,2711,True
ackley,10,random,mt19937,4,2000007,8.793940242668441e-09,2721,True
ackley,10,random,mt19937,5,2000008,8.597226486273257e-09,2771,True
ackley,10,random,mt19937,6,2000009,9.33663857338729e-09,2791,True
ackley,10,random,mt19937,7,2000010,9.12314890300081e-09,2731,True
ackley,10,random,mt19937,8,2000011,9.332982831011805e-09,2841,True
ackley,10,random,mt19937,9,2000012,7.600214235736757e-09,2841,True
ackley,10,random,mt19937,10,2000013,9.219889296474548e-09,2831,True
ackley,10,random,mt19937,11,2000014,6.709158117956804e-09,2811,True
ackley,10,random,mt19937,12,2000015,9.867293204735006e-09,2651,True
ackley,10,random,mt19937,13,2000016,8.716693589150282e-09,2761,True
ackley,10,random,mt19937,14,2000017,8.768190173924495e-09,2681,True
ackley,10,random,mt19937,15,2000018,9.876235385064547e-09,2761,True
ackley,10,random,mt19937,16,2000019,8.199127154995267e-09,2861,True
ackley,10,random,mt19937,17,2000020,9.500031428189004e-09,2781,True
ackley,10,random,mt19937,18,2000021,9.516643917351075e-09,2601,True
ackley,10,random,mt19937,19,2000022,1.155148502709825,20001,False
ackley,10,random,mt19937,20,2000023,9.413206658592799e-09,2771,True
ackley,10,random,mt19937,21,2000024,9.353915420007297e-09,2761,True
ackley,10,random,mt19937,22,2000025,8.768801240677249e-09,2831,True
ackley,10,random,mt19937,23,2000026,8.407053275760745e-09,2891,True
ackley,10,random,mt19937,24,2000027,8.581587440659177e-09,2891,True
ackley,10,random,mt19937,25,2000028,9.475098483591182e-09,2781,True
ackley,10,random,mt19937,26,2000029,7.358601283868893e-09,2771,True
ackley,10,random,mt19937,27,2000030,7.66456809131455e-09,2991,True
ackley,10,random,mt19937,28,2000031,9.142710144516286e-09,2781,True
ackley,10,random,mt19937,29,2000032,7.540102320291453e-09,2851,True
ackley,10,random,mt19937,30,2000033,8.271769491585701e-09,2651,True
ackley,30,zero,pcg64,1,2000004,9.375029197400409e-09,7547,True
ackley,30,zero,pcg64,2,2000005,9.978976311941778e-09,7211,True
ackley,30,zero,pcg64,3,2000006,9.147719470803395e-09,7785,True
ackley,30,zero,pcg64,4,2000007,9.589158356249072e-09,7365,True
ackley,30,zero,pcg64,5,2000008,9.255668675933748e-09,6959,True
ackley,30,zero,pcg64,6,2000009,7.736020268822585e-09,7365,True
ackley,30,zero,pcg64,7,2000010,8.667062179057439e-09,7309,True
ackley,30,zero,pcg64,8,2000011,9.734521189130874e-09,7281,True
ackley,30,zero,pcg64,9,2000012,9.554196100935997e-09,7337,True
ackley,30,zero,pcg64,10,2000013,9.094911934681704e-09,7197,True
ackley,30,zero,pcg64,11,2000014,9.676043521977817e-09,7309,True
ackley,30,zero,pcg64,12,2000015,9.84474057830198e-09,7225,True
ackley,30,zero,pcg64,13,2000016,9.936148348543838e-09,7421,True
ackley,30,zero,pcg64,14,2000017,9.998764927132697e-09,7099,True
ackley,30,zero,pcg64,15,2000018,9.786522259247477e-09,7463,True
ackley,30,zero,pcg64,16,2000019,9.18461084964406e-09,7057,True
ackley,30,zero,pcg64,17,2000020,9.182621329983931e-09,7197,True
ackley,30,zero,pcg64,18,2000021,9.128730216190206e-09,7253,True
ackley,30,zero,pcg64,19,2000022,9.930968492000147e-09,7253,True
ackley,30,zero,pcg64,20,2000023,9.889543850505333e-09,7365,True
ackley,30,zero,pcg64,21,2000024,8.653629368637894e-09,7449,True
ackley,30,zero,pcg64,22,2000025,9.021726032898414e-09,7449,True
ackley,30,zero,pcg64,23,2000026,9.917645815704645e-09,6959,True
ackley,30,zero,pcg64,24,2000027,9.850673610145577e-09,7365,True
ackley,30,zero,pcg64,25,2000028,9.735192652016167e-09,7015,True
ackley,30,zero,pcg64,26,2000029,9.54544931985879e-09,7491,True
ackley,30,zero,pcg64,27,2000030,9.783292842513447e-09,7309,True
ackley,30,zero,pcg64,28,2000031,9.155279645511882e-09,7365,True
ackley,30,zero,pcg64,29,2000032,9.368041009594208e-09,7435,True
ackley,30,zero,pcg64,30,2000033,9.894901342732965e-09,7127,True
ackley,30,zero,mt19937,1,2000004,9.962466851476393e-09,7393,True
ackley,30,zero,mt19937,2,2000005,8.359823500114771e-09,7141,True
ackley,30,zero,mt19937,3,2000006,9.28282206658082e-09,7519,True
ackley,30,zero,mt19937,4,2000007,9.966392600091467e-09,7071,True
ackley,30,zero,mt19937,5,2000008,8.6245859343137e-09,7491,True
ackley,30,zero,mt19937,6,2000009,8.466941370244285e-09,7463,True
ackley,30,zero,mt19937,7,2000010,6.845667588351034e-09,7379,True
ackley,30,zero,mt19937,8,2000011,9.864667749326372e-09,7477,True
ackley,30,zero,mt19937,9,2000012,9.978983417369136e-09,7267,True
ackley,30,zero,mt19937,10,2000013,8.238466353560625e-09,7225,True
ackley,30,zero,mt19937,11,2000014,9.426913027965611e-09,7365,True
ackley,30,zero,mt19937,12,2000015,9.11867958919288e-09,7547,True
ackley,30,zero,mt19937,13,2000016,9.05496877479095e-09,7127,True
ackley,30,zero,mt19937,14,2000017,9.762221697684481e-09,7071,True
ackley,30,zero,mt19937,15,2000018,9.469254269589555e-09,7813,True
ackley,30,zero,mt19937,16,2000019,9.33062738184276e-09,7561,True
ackley,30,zero,mt19937,17,2000020,9.973952774799955e-09,7323,True
ackley,30,zero,mt19937,18,2000021,8.085983882466508e-09,7239,True
ackley,30,zero,mt19937,19,2000022,9.682953550083084e-09,7351,True
ackley,30,zero,mt19937,20,2000023,9.68388436106693e-09,7239,True
ackley,30,zero,mt19937,21,2000024,9.323308791664431e-09,7393,True
ackley,30,zero,mt19937,22,2000025,8.829829756251684e-09,7477,True
ackley,30,zero,mt19937,23,2000026,9.855054106111538e-09,7239,True
ackley,30,zero,mt19937,24,2000027,8.841763321498775e-09,7491,True
ackley,30,zero,mt19937,25,2000028,9.161777558830408e-09,7155,True
ackley,30,zero,mt19937,26,2000029,9.766495612240078e-09,7659,True
ackley,30,zero,mt19937,27,2000030,9.699349323710749e-09,7295,True
ackley,30,zero,mt19937,28,2000031,9.605763739983786e-09,7225,True
ackley,30,zero,mt19937,29,2000032,9.603134731861473e-09,7211,True
ackley,30,zero,mt19937,30,2000033,9.989264970755585e-09,7169,True
ackley,30,random,pcg64,1,2000004,9.397421951717888e-09,7477,True
ackley,30,random,pcg64,2,2000005,9.748227558503686e-09,7211,True
ackley,30,random,pcg64,3,2000006,7.8204469566856e-09,7267,True
ackley,30,random,pcg64,4,2000007,9.579040227691848e-09,7407,True
ackley,30,random,pcg64,5,2000008,8.724616140654007e-09,7099,True
ackley,30,random,pcg64,6,2000009,9.030366232565257e-09,7477,True
ackley,30,random,pcg64,7,2000010,9.846929049928121e-09,7463,True
ackley,30,random,pcg64,8,2000011,9.86538539748949e-09,7183,True
ackley,30,random,pcg64,9,2000012,9.033137349234721e-09,7253,True
ackley,30,random,pcg64,10,2000013,9.074167639511188e-09,7183,True
ackley,30,random,pcg64,11,2000014,9.26052168281899e-09,7351,True
ackley,30,random,pcg64,12,2000015,9.883312390712717e-09,8345,True
ackley,30,random,pcg64,13,2000016,9.426596836448198e-09,7323,True
ackley,30,random,pcg64,14,2000017,8.661676265120377e-09,6973,True
ackley,30,random,pcg64,15,2000018,8.650780092267496e-09,7449,True
ackley,30,random,pcg64,16,2000019,9.996423688818368e-09,7057,True
ackley,30,random,pcg64,17,2000020,9.716867754860914e-09,7505,True
ackley,30,random,pcg64,18,2000021,9.613643658923365e-09,7127,True
ackley,30,random,pcg64,19,2000022,9.41897981832085e-09,7309,True
ackley,30,random,pcg64,20,2000023,8.694183595281402e-09,7155,True
ackley,30,random,pcg64,21,2000024,9.451288196515861e-09,7029,True
ackley,30,random,pcg64,22,2000025,8.838157317114792e-09,7141,True
ackley,30,random,pcg64,23,2000026,8.59659765595211e-09,6903,True
ackley,30,random,pcg64,24,2000027,9.117834043337325e-09,7337,True
ackley,30,random,pcg64,25,2000028,9.172794523948369e-09,7183,True
ackley,30,random,pcg64,26,2000029,9.054780480965974e-09,7225,True
ackley,30,random,pcg64,27,2000030,9.685923618718562e-09,7155,True
ackley,30,random,pcg64,28,2000031,9.986653726201666e-09,7365,True
ackley,30,random,pcg64,29,2000032,9.552988178285204e-09,7407,True
ackley,30,random,pcg64,30,2000033,9.314192528364629e-09,7309,True
ackley,30,random,mt19937,1,2000004,9.671748291140148e-09,7365,True
ackley,30,random,mt19937,2,2000005,8.724218236721981e-09,7141,True
ackley,30,random,mt19937,3,2000006,9.745204199163027e-09,7323,True
ackley,30,random,mt19937,4,2000007,9.744923534782401e-09,7155,True
ackley,30,random,mt19937,5,2000008,9.977391801641033e-09,7463,True
ackley,30,random,mt19937,6,2000009,9.756039975883368e-09,7449,True
ackley,30,random,mt19937,7,2000010,8.995421740820575e-09,7449,True
ackley,30,random,mt19937,8,2000011,9.9186086011116e-09,7337,True
ackley,30,random,mt19937,9,2000012,9.818336810241135e-09,7267,True
ackley,30,random,mt19937,10,2000013,8.993211952912361e-09,7533,True
ackley,30,random,mt19937,11,2000014,9.76796998841678e-09,6931,True
ackley,30,random,mt19937,12,2000015,9.936464540061252e-09,7729,True
ackley,30,random,mt19937,13,2000016,9.379036658430095e-09,7197,True
ackley,30,random,mt19937,14,2000017,8.941882345681051e-09,7001,True
ackley,30,random,mt19937,15,2000018,9.064443862172311e-09,7323,True
ackley,30,random,mt19937,16,2000019,9.878807549767998e-09,7393,True
ackley,30,random,mt19937,17,2000020,9.754636653980242e-09,7071,True
ackley,30,random,mt19937,18,2000021,8.496322312367965e-09,7169,True
ackley,30,random,mt19937,19,2000022,9.399997669135018e-09,7127,True
ackley,30,random,mt19937,20,2000023,9.236778897303566e-09,7169,True
ackley,30,random,mt19937,21,2000024,8.793400230189263e-09,7995,True
ackley,30,random,mt19937,22,2000025,8.839066811816565e-09,7449,True
ackley,30,random,mt19937,23,2000026,9.740443562833434e-09,7295,True
ackley,30,random,mt19937,24,2000027,9.40929512083244e-09,7687,True
ackley,30,random,mt19937,25,2000028,8.022397413043336e-09,7085,True
ackley,30,random,mt19937,26,2000029,8.77762262874171e-09,7379,True
ackley,30,random,mt19937,27,2000030,8.266699769166053e-09,7239,True
ackley,30,random,mt19937,28,2000031,8.468891810053947e-09,7085,True
ackley,30,random,mt19937,29,2000032,9.481084806139961e-09,7225,True
ackley,30,random,mt19937,30,2000033,9.88511361654787e-09,7071,True
gaussian_noise,2,zero,pcg64,1,2000004,6.304443422371632e-06,20005,False
gaussian_noise,2,zero,pcg64,2,2000005,3.494492729262097e-05,20005,False
gaussian_noise,2,zero,pcg64,3,2000006,0.00011778338859292568,20005,False
gaussian_noise,2,zero,pcg64,4,2000007,0.00017154831443723015,20005,False
gaussian_noise,2,zero,pcg64,5,2000008,8.906834872348994e-05,20005,False
gaussian_noise,2,zero,pcg64,6,2000009,3.430032527874203e-05,20005,False
gaussian_noise,2,zero,pcg64,7,2000010,5.532532358457827e-06,20005,False
gaussian_noise,2,zero,pcg64,8,2000011,5.1753886168165775e-05,20005,False
gaussian_noise,2,zero,pcg64,9,2000012,6.221344973053884e-05,20005,False
gaussian_noise,2,zero,pcg64,10,2000013,2.0307926167895663e-05,20005,False
gaussian_noise,2,zero,pcg64,11,2000014,4.183739005380374e-05,20005,False
gaussian_noise,2,zero,pcg64,12,2000015,5.572416394361768e-07,20005,False
gaussian_noise,2,zero,pcg64,13,2000016,3.2723797840395175e-05,20005,False
gaussian_noise,2,zero,pcg64,14,2000017,6.0848522995533444e-06,20005,False
gaussian_noise,2,zero,pcg64,15,2000018,5.161705766701906e-05,20005,False
gaussian_noise,2,zero,pcg64,16,2000019,1.620695995470111e-05,20005,False
gaussian_noise,2,zero,pcg64,17,2000020,6.401520771826391e-05,20005,False
gaussian_noise,2,zero,pcg64,18,2000021,5.928890177396776e-06,20005,False
gaussian_noise,2,zero,pcg64,19,2000022,2.5434246003100964e-05,20005,False
gaussian_noise,2,zero,pcg64,20,2000023,1.6401405625616162e-05,20005,False
gaussian_noise,2,zero,pcg64,21,2000024,9.694616815000078e-05,20005,False
gaussian_noise,2,zero,pcg64,22,2000025,0.00015686015254583725,20005,False
gaussian_noise,2,zero,pcg64,23,2000026,7.716501066191215e-05,20005,False
gaussian_noise,2,zero,pcg64,24,2000027,5.741363720902278e-05,20005,False
gaussian_noise,2,zero,pcg64,25,2000028,4.1969085529893834e-05,20005,False
gaussian_noise,2,zero,pcg64,26,2000029,2.0462148865813453e-05,20005,False
gaussian_noise,2,zero,pcg64,27,2000030,1.4107468813896215e-05,20005,False
gaussian_noise,2,zero,pcg64,28,2000031,3.977334309507034e-05,20005,False
gaussian_noise,2,zero,pcg64,29,2000032,1.127360058669299e-05,20005,False
gaussian_noise,2,zero,pcg64,30,2000033,8.56211418815947e-05,20005,False
gaussian_noise,2,zero,mt19937,1,2000004,6.304443422371632e-06,20005,False
gaussian_noise,2,zero,mt19937,2,2000005,3.494492729262097e-05,20005,False
gaussian_noise,2,zero,mt19937,3,2000006,0.00011778338859292568,20005,False
gaussian_noise,2,zero,mt19937,4,2000007,0.00017154831443723015,20005,False
gaussian_noise,2,zero,mt19937,5,2000008,8.906834872348994e-05,20005,False
gaussian_noise,2,zero,mt19937,6,2000009,3.430032527874203e-05,20005,False
gaussian_noise,2,zero,mt19937,7,2000010,5.532532358457827e-06,20005,False
gaussian_noise,2,zero,mt19937,8,2000011,5.1753886168165775e-05,20005,False
gaussian_noise,2,zero,mt19937,9,2000012,6.221344973053884e-05,20005,False
gaussian_noise,2,zero,mt19937,10,2000013,2.0307926167895663e-05,20005,False
gaussian_noise,2,zero,mt19937,11,2000014,4.183739005380374e-05,20005,False
gaussian_noise,2,zero,mt19937,12,2000015,5.572416394361768e-07,20005,False
gaussian_noise,2,zero,mt19937,13,2000016,3.2723797840395175e-05,20005,False
gaussian_noise,2,zero,mt19937,14,2000017,6.0848522995533444e-06,20005,False
gaussian_noise,2,zero,mt19937,15,2000018,5.161705766701906e-05,20005,False
gaussian_noise,2,zero,mt19937,16,2000019,1.620695995470111e-05,20005,False
gaussian_noise,2,zero,mt19937,17,2000020,6.401520771826391e-05,20005,False
gaussian_noise,2,zero,mt19937,18,2000021,5.928890177396776e-06,20005,False
gaussian_noise,2,zero,mt19937,19,2000022,2.5434246003100964e-05,20005,False
gaussian_noise,2,zero,mt19937,20,2000023,1.6401405625616162e-05,20005,False
gaussian_noise,2,zero,mt19937,21,2000024,9.694616815000078e-05,20005,False
gaussian_noise,2,zero,mt19937,22,2000025,0.00015686015254583725,20005,False
gaussian_noise,2,zero,mt19937,23,2000026,7.716501066191215e-05,20005,False
gaussian_noise,2,zero,mt19937,24,2000027,5.741363720902278e-05,20005,False
gaussian_noise,2,zero,mt19937,25,2000028,4.1969085529893834e-05,20005,False
gaussian_noise,2,zero,mt19937,26,2000029,2.0462148865813453e-05,20005,False
gaussian_noise,2,zero,mt19937,27,2000030,1.4107468813896215e-05,20005,False
gaussian_noise,2,zero,mt19937,28,2000031,3.977334309507034e-05,20005,False
gaussian_noise,2,zero,mt19937,29,2000032,1.127360058669299e-05,20005,False
gaussian_noise,2,zero,mt19937,30,2000033,8.56211418815947e-05,20005,False
gaussian_noise,2,random,pcg64,1,2000004,6.304443422371632e-06,20005,False
gaussian_noise,2,random,pcg64,2,2000005,3.494492729262097e-05,20005,False
gaussian_noise,2,random,pcg64,3,2000006,0.00011778338859292568,20005,False
gaussian_noise,2,random,pcg64,4,2000007,0.00017154831443723015,20005,False
gaussian_noise,2,random,pcg64,5,2000008,8.906834872348994e-05,20005,False
gaussian_noise,2,random,pcg64,6,2000009,3.430032527874203e-05,20005,False
gaussian_noise,2,random,pcg64,7,2000010,5.532532358457827e-06,20005,False
gaussian_noise,2,random,pcg64,8,2000011,5.1753886168165775e-05,20005,False
gaussian_noise,2,random,pcg64,9,2000012,6.221344973053884e-05,20005,False
gaussian_noise,2,random,pcg64,10,2000013,2.0307926167895663e-05,20005,False
gaussian_noise,2,random,pcg64,11,2000014,4.183739005380374e-05,20005,False
gaussian_noise,2,random,pcg64,12,2000015,5.572416394361768e-07,20005,False
gaussian_noise,2,random,pcg64,13,2000016,3.2723797840395175e-05,20005,False
gaussian_noise,2,random,pcg64,14,2000017,6.0848522995533444e-06,20005,False
gaussian_noise,2,random,pcg64,15,2000018,5.161705766701906e-05,20005,False
gaussian_noise,2,random,pcg64,16,2000019,1.620695995470111e-05,20005,False
gaussian_noise,2,random,pcg64,17,2000020,6.401520771826391e-05,20005,False
gaussian_noise,2,random,pcg64,18,2000021,5.928890177396776e-06,20005,False
gaussian_noise,2,random,pcg64,19,2000022,2.5434246003100964e-05,20005,False
gaussian_noise,2,random,pcg64,20,2000023,1.6401405625616162e-05,20005,False
gaussian_noise,2,random,pcg64,21,2000024,9.694616815000078e-05,20005,False
gaussian_noise,2,random,pcg64,22,2000025,0.00015686015254583725,20005,False
gaussian_noise,2,random,pcg64,23,2000026,7.716501066191215e-05,20005,False
gaussian_noise,2,random,pcg64,24,2000027,5.741363720902278e-05,20005,False
gaussian_noise,2,random,pcg64,25,2000028,4.1969085529893834e-05,20005,False
gaussian_noise,2,random,pcg64,26,2000029,2.0462148865813453e-05,20005,False
gaussian_noise,2,random,pcg64,27,2000030,1.4107468813896215e-05,20005,False
gaussian_noise,2,random,pcg64,28,2000031,3.977334309507034e-05,20005,False
gaussian_noise,2,random,pcg64,29,2000032,1.127360058669299e-05,20005,False
gaussian_noise,2,random,pcg64,30,2000033,8.56211418815947e-05,20005,False
gaussian_noise,2,random,mt19937,1,2000004,6.304443422371632e-06,20005,False
gaussian_noise,2,random,mt19937,2,2000005,3.494492729262097e-05,20005,False
gaussian_noise,2,random,mt19937,3,2000006,0.00011778338859292568,20005,False
gaussian_noise,2,random,mt19937,4,2000007,0.00017154831443723015,20005,False
gaussian_noise,2,random,mt19937,5,2000008,8.906834872348994e-05,20005,False
gaussian_noise,2,random,mt19937,6,2000009,3.430032527874203e-05,20005,False
gaussian_noise,2,random,mt19937,7,2000010,5.532532358457827e-06,20005,False
gaussian_noise,2,random,mt19937,8,2000011,5.1753886168165775e-05,20005,False
gaussian_noise,2,random,mt19937,9,2000012,6.221344973053884e-05,20005,False
gaussian_noise,2,random,mt19937,10,2000013,2.0307926167895663e-05,20005,False
gaussian_noise,2,random,mt19937,11,2000014,4.183739005380374e-05,20005,False
gaussian_noise,2,random,mt19937,12,2000015,5.572416394361768e-07,20005,False
gaussian_noise,2,random,mt19937,13,2000016,3.2723797840395175e-05,20005,False
gaussian_noise,2,random,mt19937,14,2000017,6.0848522995533444e-06,20005,False
gaussian_noise,2,random,mt19937,15,2000018,5.161705766701906e-05,20005,False
gaussian_noise,2,random,mt19937,16,2000019,1.620695995470111e-05,20005,False
gaussian_noise,2,random,mt19937,17,2000020,6.401520771826391e-05,20005,False
gaussian_noise,2,random,mt19937,18,2000021,5.928890177396776e-06,20005,False
gaussian_noise,2,random,mt19937,19,2000022,2.5434246003100964e-05,20005,False
gaussian_noise,2,random,mt19937,20,2000023,1.6401405625616162e-05,20005,False
gaussian_noise,2,random,mt19937,21,2000024,9.694616815000078e-05,20005,False
gaussian_noise,2,random,mt19937,22,2000025,0.00015686015254583725,20005,False
gaussian_noise,2,random,mt19937,23,2000026,7.716501066191215e-05,20005,False
gaussian_noise,2,random,mt19937,24,2000027,5.741363720902278e-05,20005,False
gaussian_noise,2,random,mt19937,25,2000028,4.1969085529893834e-05,20005,False
gaussian_noise,2,random,mt19937,26,2000029,2.0462148865813453e-05,20005,False
gaussian_noise,2,random,mt19937,27,2000030,1.4107468813896215e-05,20005,False
gaussian_noise,2,random,mt19937,28,2000031,3.977334309507034e-05,20005,False
gaussian_noise,2,random,mt19937,29,2000032,1.127360058669299e-05,20005,False
gaussian_noise,2,random,mt19937,30,2000033,8.56211418815947e-05,20005,False
gaussian_noise,10,zero,pcg64,1,2000004,6.304443422371632e-06,20001,False
gaussian_noise,10,zero,pcg64,2,2000005,3.494492729262097e-05,20001,False
gaussian_noise,10,zero,pcg64,3,2000006,0.00011778338859292568,20001,False
gaussian_noise,10,zero,pcg64,4,2000007,0.00017154831443723015,20001,False
gaussian_noise,10,zero,pcg64,5,2000008,8.906834872348994e-05,20001,False
gaussian_noise,10,zero,pcg64,6,2000009,3.430032527874203e-05,20001,False
gaussian_noise,10,zero,pcg64,7,2000010,5.532532358457827e-06,20001,False
gaussian_noise,10,zero,pcg64,8,2000011,5.1753886168165775e-05,20001,False
gaussian_noise,10,zero,pcg64,9,2000012,6.221344973053884e-05,20001,False
gaussian_noise,10,zero,pcg64,10,2000013,2.0307926167895663e-05,20001,False
gaussian_noise,10,zero,pcg64,11,2000014,4.183739005380374e-05,20001,False
gaussian_noise,10,zero,pcg64,12,2000015,5.572416394361768e-07,20001,False
gaussian_noise,10,zero,pcg64,13,2000016,3.2723797840395175e-05,20001,False
gaussian_noise,10,zero,pcg64,14,2000017,6.0848522995533444e-06,20001,False
gaussian_noise,10,zero,pcg64,15,2000018,5.161705766701906e-05,20001,False
gaussian_noise,10,zero,pcg64,16,2000019,1.620695995470111e-05,20001,False
gaussian_noise,10,zero,pcg64,17,2000020,6.401520771826391e-05,20001,False
gaussian_noise,10,zero,pcg64,18,2000021,5.928890177396776e-06,20001,False
gaussian_noise,10,zero,pcg64,19,2000022,2.5434246003100964e-05,20001,False
gaussian_noise,10,zero,pcg64,20,2000023,1.6401405625616162e-05,20001,False
gaussian_noise,10,zero,pcg64,21,2000024,9.694616815000078e-05,20001,False
gaussian_noise,10,zero,pcg64,22,2000025,0.00015686015254583725,20001,False
gaussian_noise,10,zero,pcg64,23,2000026,7.716501066191215e-05,20001,False
gaussian_noise,10,zero,pcg64,24,2000027,5.741363720902278e-05,20001,False
gaussian_noise,10,zero,pcg64,25,2000028,4.1969085529893834e-05,20001,False
gaussian_noise,10,zero,pcg64,26,2000029,2.0462148865813453e-05,20001,False
gaussian_noise,10,zero,pcg64,27,2000030,1.4107468813896215e-05,20001,False
gaussian_noise,10,zero,pcg64,28,2000031,3.977334309507034e-05,20001,False
gaussian_noise,10,zero,pcg64,29,2000032,1.127360058669299e-05,20001,False
gaussian_noise,10,zero,pcg64,30,2000033,8.56211418815947e-05,20001,False
gaussian_noise,10,zero,mt19937,1,2000004,6.304443422371632e-06,20001,False
gaussian_noise,10,zero,mt19937,2,2000005,3.494492729262097e-05,20001,False
gaussian_noise,10,zero,mt19937,3,2000006,0.00011778338859292568,20001,False
gaussian_noise,10,zero,mt19937,4,2000007,0.00017154831443723015,20001,False
gaussian_noise,10,zero,mt19937,5,2000008,8.906834872348994e-05,20001,False
gaussian_noise,10,zero,mt19937,6,2000009,3.430032527874203e-05,20001,False
gaussian_noise,10,zero,mt19937,7,2000010,5.532532358457827e-06,20001,False
gaussian_noise,10,zero,mt19937,8,2000011,5.1753886168165775e-05,20001,False
gaussian_noise,10,zero,mt19937,9,2000012,6.221344973053884e-05,20001,False
gaussian_noise,10,zero,mt19937,10,2000013,2.0307926167895663e-05,20001,False
gaussian_noise,10,zero,mt19937,11,2000014,4.183739005380374e-05,20001,False
gaussian_noise,10,zero,mt19937,12,2000015,5.572416394361768e-07,20001,False
gaussian_noise,10,zero,mt19937,13,2000016,3.2723797840395175e-05,20001,False
gaussian_noise,10,zero,mt19937,14,2000017,6.0848522995533444e-06,20001,False
gaussian_noise,10,zero,mt19937,15,2000018,5.161705766701906e-05,20001,False
gaussian_noise,10,zero,mt19937,16,2000019,1.620695995470111e-05,20001,False
gaussian_noise,10,zero,mt19937,17,2000020,6.401520771826391e-05,20001,False
gaussian_noise,10,zero,mt19937,18,2000021,5.928890177396776e-06,20001,False
gaussian_noise,10,zero,mt19937,19,2000022,2.5434246003100964e-05,20001,False
gaussian_noise,10,zero,mt19937,20,2000023,1.6401405625616162e-05,20001,False
gaussian_noise,10,zero,mt19937,21,2000024,9.694616815000078e-05,20001,False
gaussian_noise,10,zero,mt19937,22,2000025,0.00015686015254583725,20001,False
gaussian_noise,10,zero,mt19937,23,2000026,7.716501066191215e-05,20001,False
gaussian_noise,10,zero,mt19937,24,2000027,5.741363720902278e-05,20001,False
gaussian_noise,10,zero,mt19937,25,2000028,4.1969085529893834e-05,20001,False
gaussian_noise,10,zero,mt19937,26,2000029,2.0462148865813453e-05,20001,False
gaussian_noise,10,zero,mt19937,27,2000030,1.4107468813896215e-05,20001,False
gaussian_noise,10,zero,mt19937,28,2000031,3.977334309507034e-05,20001,False
gaussian_noise,10,zero,mt19937,29,2000032,1.127360058669299e-05,20001,False
gaussian_noise,10,zero,mt19937,30,2000033,8.56211418815947e-05,20001,False
gaussian_noise,10,random,pcg64,1,2000004,6.304443422371632e-06,20001,False
gaussian_noise,10,random,pcg64,2,2000005,3.494492729262097e-05,20001,False
gaussian_noise,10,random,pcg64,3,2000006,0.00011778338859292568,20001,False
gaussian_noise,10,random,pcg64,4,2000007,0.00017154831443723015,20001,False
gaussian_noise,10,random,pcg64,5,2000008,8.906834872348994e-05,20001,False
gaussian_noise,10,random,pcg64,6,2000009,3.430032527874203e-05,20001,False
gaussian_noise,10,random,pcg64,7,2000010,5.532532358457827e-06,20001,False
gaussian_noise,10,random,pcg64,8,2000011,5.1753886168165775e-05,20001,False
gaussian_noise,10,random,pcg64,9,2000012,6.221344973053884e-05,20001,False
gaussian_noise,10,random,pcg64,10,2000013,2.0307926167895663e-05,20001,False
gaussian_noise,10,random,pcg64,11,2000014,4.183739005380374e-05,20001,False
gaussian_noise,10,random,pcg64,12,2000015,5.572416394361768e-07,20001,False
gaussian_noise,10,random,pcg64,13,2000016,3.2723797840395175e-05,20001,False
gaussian_noise,10,random,pcg64,14,2000017,6.0848522995533444e-06,20001,False
gaussian_noise,10,random,pcg64,15,2000018,5.161705766701906e-05,20001,False
gaussian_noise,10,random,pcg64,16,2000019,1.620695995470111e-05,20001,False
gaussian_noise,10,random,pcg64,17,2000020,6.401520771826391e-05,20001,False
gaussian_noise,10,random,pcg64,18,2000021,5.928890177396776e-06,20001,False
gaussian_noise,10,random,pcg64,19,2000022,2.5434246003100964e-05,20001,False
gaussian_noise,10,random,pcg64,20,2000023,1.6401405625616162e-05,20001,False
gaussian_noise,10,random,pcg64,21,2000024,9.694616815000078e-05,20001,False
gaussian_noise,10,random,pcg64,22,2000025,0.00015686015254583725,20001,False
gaussian_noise,10,random,pcg64,23,2000026,7.716501066191215e-05,20001,False
gaussian_noise,10,random,pcg64,24,2000027,5.741363720902278e-05,20001,False
gaussian_noise,10,random,pcg64,25,2000028,4.1969085529893834e-05,20001,False
gaussian_noise,10,random,pcg64,26,2000029,2.0462148865813453e-05,20001,False
gaussian_noise,10,random,pcg64,27,2000030,1.4107468813896215e-05,20001,False
gaussian_noise,10,random,pcg64,28,2000031,3.977334309507034e-05,20001,False
gaussian_noise,10,random,pcg64,29,2000032,1.127360058669299e-05,20001,False
gaussian_noise,10,random,pcg64,30,2000033,8.56211418815947e-05,20001,False
gaussian_noise,10,random,mt19937,1,2000004,6.304443422371632e-06,20001,False
gaussian_noise,10,random,mt19937,2,2000005,3.494492729262097e-05,20001,False
gaussian_noise,10,random,mt19937,3,2000006,0.00011778338859292568,20001,False
gaussian_noise,10,random,mt19937,4,2000007,0.00017154831443723015,20001,False
gaussian_noise,10,random,mt19937,5,2000008,8.906834872348994e-05,20001,False
gaussian_noise,10,random,mt19937,6,2000009,3.430032527874203e-05,20001,False
gaussian_noise,10,random,mt19937,7,2000010,5.532532358457827e-06,20001,False
gaussian_noise,10,random,mt19937,8,2000011,5.1753886168165775e-05,20001,False
gaussian_noise,10,random,mt19937,9,2000012,6.221344973053884e-05,20001,False
gaussian_noise,10,random,mt19937,10,2000013,2.0307926167895663e-05,20001,False
gaussian_noise,10,random,mt19937,11,2000014,4.183739005380374e-05,20001,False
gaussian_noise,10,random,mt19937,12,2000015,5.572416394361768e-07,20001,False
gaussian_noise,10,random,mt19937,13,2000016,3.2723797840395175e-05,20001,False
gaussian_noise,10,random,mt19937,14,2000017,6.0848522995533444e-06,20001,False
gaussian_noise,10,random,mt19937,15,2000018,5.161705766701906e-05,20001,False
gaussian_noise,10,random,mt19937,16,2000019,1.620695995470111e-05,20001,False
gaussian_noise,10,random,mt19937,17,2000020,6.401520771826391e-05,20001,False
gaussian_noise,10,random,mt19937,18,2000021,5.928890177396776e-06,20001,False
gaussian_noise,10,random,mt19937,19,2000022,2.5434246003100964e-05,20001,False
gaussian_noise,10,random,mt19937,20,2000023,1.6401405625616162e-05,20001,False
gaussian_noise,10,random,mt19937,21,2000024,9.694616815000078e-05,20001,False
gaussian_noise,10,random,mt19937,22,2000025,0.00015686015254583725,20001,False
gaussian_noise,10,random,mt19937,23,2000026,7.716501066191215e-05,20001,False
gaussian_noise,10,random,mt19937,24,2000027,5.741363720902278e-05,20001,False
gaussian_noise,10,random,mt19937,25,2000028,4.1969085529893834e-05,20001,False
gaussian_noise,10,random,mt19937,26,2000029,2.0462148865813453e-05,20001,False
gaussian_noise,10,random,mt19937,27,2000030,1.4107468813896215e-05,20001,False
gaussian_noise,10,random,mt19937,28,2000031,3.977334309507034e-05,20001,False
gaussian_noise,10,random,mt19937,29,2000032,1.127360058669299e-05,20001,False
gaussian_noise,10,random,mt19937,30,2000033,8.56211418815947e-05,20001,False
gaussian_noise,30,zero,pcg64,1,2000004,6.304443422371632e-06,20007,False
gaussian_noise,30,zero,pcg64,2,2000005,3.494492729262097e-05,20007,False
gaussian_noise,30,zero,pcg64,3,2000006,0.00011778338859292568,20007,False
gaussian_noise,30,zero,pcg64,4,2000007,0.00017154831443723015,20007,False
gaussian_noise,30,zero,pcg64,5,2000008,8.906834872348994e-05,20007,False
gaussian_noise,30,zero,pcg64,6,2000009,3.430032527874203e-05,20007,False
gaussian_noise,30,zero,pcg64,7,2000010,5.532532358457827e-06,20007,False
gaussian_noise,30,zero,pcg64,8,2000011,5.1753886168165775e-05,20007,False
gaussian_noise,30,zero,pcg64,9,2000012,6.221344973053884e-05,20007,False
gaussian_noise,30,zero,pcg64,10,2000013,2.0307926167895663e-05,20007,False
gaussian_noise,30,zero,pcg64,11,2000014,4.183739005380374e-05,20007,False
gaussian_noise,30,zero,pcg64,12,2000015,5.572416394361768e-07,20007,False
gaussian_noise,30,zero,pcg64,13,2000016,3.2723797840395175e-05,20007,False
gaussian_noise,30,zero,pcg64,14,2000017,6.0848522995533444e-06,20007,False
gaussian_noise,30,zero,pcg64,15,2000018,5.161705766701906e-05,20007,False
gaussian_noise,30,zero,pcg64,16,2000019,1.620695995470111e-05,20007,False
gaussian_noise,30,zero,pcg64,17,2000020,6.401520771826391e-05,20007,False
gaussian_noise,30,zero,pcg64,18,2000021,5.928890177396776e-06,20007,False
gaussian_noise,30,zero,pcg64,19,2000022,2.5434246003100964e-05,20007,False
gaussian_noise,30,zero,pcg64,20,2000023,1.6401405625616162e-05,20007,False
gaussian_noise,30,zero,pcg64,21,2000024,9.694616815000078e-05,20007,False
gaussian_noise,30,zero,pcg64,22,2000025,0.00015686015254583725,20007,False
gaussian_noise,30,zero,pcg64,23,2000026,7.716501066191215e-05,20007,False
gaussian_noise,30,zero,pcg64,24,2000027,5.741363720902278e-05,20007,False
gaussian_noise,30,zero,pcg64,25,2000028,4.1969085529893834e-05,20007,False
gaussian_noise,30,zero,pcg64,26,2000029,2.0462148865813453e-05,20007,False
gaussian_noise,30,zero,pcg64,27,2000030,1.4107468813896215e-05,20007,False
gaussian_noise,30,zero,pcg64,28,2000031,3.977334309507034e-05,20007,False
gaussian_noise,30,zero,pcg64,29,2000032,1.127360058669299e-05,20007,False
gaussian_noise,30,zero,pcg64,30,2000033,8.56211418815947e-05,20007,False
gaussian_noise,30,zero,mt19937,1,2000004,6.304443422371632e-06,20007,False
gaussian_noise,30,zero,mt19937,2,2000005,3.494492729262097e-05,20007,False
gaussian_noise,30,zero,mt19937,3,2000006,0.00011778338859292568,20007,False
gaussian_noise,30,zero,mt19937,4,2000007,0.00017154831443723015,20007,False
gaussian_noise,30,zero,mt19937,5,2000008,8.906834872348994e-05,20007,False
gaussian_noise,30,zero,mt19937,6,2000009,3.430032527874203e-05,20007,False
gaussian_noise,30,zero,mt19937,7,2000010,5.532532358457827e-06,20007,False
gaussian_noise,30,zero,mt19937,8,2000011,5.1753886168165775e-05,20007,False
gaussian_noise,30,zero,mt19937,9,2000012,6.221344973053884e-05,20007,False
gaussian_noise,30,zero,mt19937,10,2000013,2.0307926167895663e-05,20007,False
gaussian_noise,30,zero,mt19937,11,2000014,4.183739005380374e-05,20007,False
gaussian_noise,30,zero,mt19937,12,2000015,5.572416394361768e-07,20007,False
gaussian_noise,30,zero,mt19937,13,2000016,3.2723797840395175e-05,20007,False
gaussian_noise,30,zero,mt19937,14,2000017,6.0848522995533444e-06,20007,False
gaussian_noise,30,zero,mt19937,15,2000018,5.161705766701906e-05,20007,False
gaussian_noise,30,zero,mt19937,16,2000019,1.620695995470111e-05,20007,False
gaussian_noise,30,zero,mt19937,17,2000020,6.401520771826391e-05,20007,False
gaussian_noise,30,zero,mt19937,18,2000021,5.928890177396776e-06,20007,False
gaussian_noise,30,zero,mt19937,19,2000022,2.5434246003100964e-05,20007,False
gaussian_noise,30,zero,mt19937,20,2000023,1.6401405625616162e-05,20007,False
gaussian_noise,30,zero,mt19937,21,2000024,9.694616815000078e-05,20007,False
gaussian_noise,30,zero,mt19937,22,2000025,0.00015686015254583725,20007,False
gaussian_noise,30,zero,mt19937,23,2000026,7.716501066191215e-05,20007,False
gaussian_noise,30,zero,mt19937,24,2000027,5.741363720902278e-05,20007,False
gaussian_noise,30,zero,mt19937,25,2000028,4.1969085529893834e-05,20007,False
gaussian_noise,30,zero,mt19937,26,2000029,2.0462148865813453e-05,20007,False
gaussian_noise,30,zero,mt19937,27,2000030,1.4107468813896215e-05,20007,False
gaussian_noise,30,zero,mt19937,28,2000031,3.977334309507034e-05,20007,False
gaussian_noise,30,zero,mt19937,29,2000032,1.127360058669299e-05,20007,False
gaussian_noise,30,zero,mt19937,30,2000033,8.56211418815947e-05,20007,False
gaussian_noise,30,random,pcg64,1,2000004,6.304443422371632e-06,20007,False
gaussian_noise,30,random,pcg64,2,2000005,3.494492729262097e-05,20007,False
gaussian_noise,30,random,pcg64,3,2000006,0.00011778338859292568,20007,False
gaussian_noise,30,random,pcg64,4,2000007,0.00017154831443723015,20007,False
gaussian_noise,30,random,pcg64,5,2000008,8.906834872348994e-05,20007,False
gaussian_noise,30,random,pcg64,6,2000009,3.430032527874203e-05,20007,False
gaussian_noise,30,random,pcg64,7,2000010,5.532532358457827e-06,20007,False
gaussian_noise,30,random,pcg64,8,2000011,5.1753886168165775e-05,20007,False
gaussian_noise,30,random,pcg64,9,2000012,6.221344973053884e-05,20007,False
gaussian_noise,30,random,pcg64,10,2000013,2.0307926167895663e-05,20007,False
gaussian_noise,30,random,pcg64,11,2000014,4.183739005380374e-05,20007,False
gaussian_noise,30,random,pcg64,12,2000015,5.572416394361768e-07,20007,False
gaussian_noise,30,random,pcg64,13,2000016,3.2723797840395175e-05,20007,False
gaussian_noise,30,random,pcg64,14,2000017,6.0848522995533444e-06,20007,False
gaussian_noise,30,random,pcg64,15,2000018,5.161705766701906e-05,20007,False
gaussian_noise,30,random,pcg64,16,2000019,1.620695995470111e-05,20007,False
gaussian_noise,30,random,pcg64,17,2000020,6.401520771826391e-05,20007,False
gaussian_noise,30,random,pcg64,18,2000021,5.928890177396776e-06,20007,False
gaussian_noise,30,random,pcg64,19,2000022,2.5434246003100964e-05,20007,False
gaussian_noise,30,random,pcg64,20,2000023,1.6401405625616162e-05,20007,False
gaussian_noise,30,random,pcg64,21,2000024,9.694616815000078e-05,20007,False
gaussian_noise,30,random,pcg64,22,2000025,0.00015686015254583725,20007,False
gaussian_noise,30,random,pcg64,23,2000026,7.716501066191215e-05,20007,False
gaussian_noise,30,random,pcg64,24,2000027,5.741363720902278e-05,20007,False
gaussian_noise,30,random,pcg64,25,2000028,4.1969085529893834e-05,20007,False
gaussian_noise,30,random,pcg64,26,2000029,2.0462148865813453e-05,20007,False
gaussian_noise,30,random,pcg64,27,2000030,1.4107468813896215e-05,20007,False
gaussian_noise,30,random,pcg64,28,2000031,3.977334309507034e-05,20007,False
gaussian_noise,30,random,pcg64,29,2000032,1.127360058669299e-05,20007,False
gaussian_noise,30,random,pcg64,30,2000033,8.56211418815947e-05,20007,False
gaussian_noise,30,random,mt19937,1,2000004,6.304443422371632e-06,20007,False
gaussian_noise,30,random,mt19937,2,2000005,3.494492729262097e-05,20007,False
gaussian_noise,30,random,mt19937,3,2000006,0.00011778338859292568,20007,False
gaussian_noise,30,random,mt19937,4,2000007,0.00017154831443723015,20007,False
gaussian_noise,30,random,mt19937,5,2000008,8.906834872348994e-05,20007,False
gaussian_noise,30,random,mt19937,6,2000009,3.430032527874203e-05,20007,False
gaussian_noise,30,random,mt19937,7,2000010,5.532532358457827e-06,20007,False
gaussian_noise,30,random,mt19937,8,2000011,5.1753886168165775e-05,20007,False
gaussian_noise,30,random,mt19937,9,2000012,6.221344973053884e-05,20007,False
gaussian_noise,30,random,mt19937,10,2000013,2.0307926167895663e-05,20007,False
gaussian_noise,30,random,mt19937,11,2000014,4.183739005380374e-05,20007,False
gaussian_noise,30,random,mt19937,12,2000015,5.572416394361768e-07,20007,False
gaussian_noise,30,random,mt19937,13,2000016,3.2723797840395175e-05,20007,False
gaussian_noise,30,random,mt19937,14,2000017,6.0848522995533444e-06,20007,False
gaussian_noise,30,random,mt19937,15,2000018,5.161705766701906e-05,20007,False
gaussian_noise,30,random,mt19937,16,2000019,1.620695995470111e-05,20007,False
gaussian_noise,30,random,mt19937,17,2000020,6.401520771826391e-05,20007,False
gaussian_noise,30,random,mt19937,18,2000021,5.928890177396776e-06,20007,False
gaussian_noise,30,random,mt19937,19,2000022,2.5434246003100964e-05,20007,False
gaussian_noise,30,random,mt19937,20,2000023,1.6401405625616162e-05,20007,False
gaussian_noise,30,random,mt19937,21,2000024,9.694616815000078e-05,20007,False
gaussian_noise,30,random,mt19937,22,2000025,0.00015686015254583725,20007,False
gaussian_noise,30,random,mt19937,23,2000026,7.716501066191215e-05,20007,False
gaussian_noise,30,random,mt19937,24,2000027,5.741363720902278e-05,20007,False
gaussian_noise,30,random,mt19937,25,2000028,4.1969085529893834e-05,20007,False
gaussian_noise,30,random,mt19937,26,2000029,2.0462148865813453e-05,20007,False
gaussian_noise,30,random,mt19937,27,2000030,1.4107468813896215e-05,20007,False
gaussian_noise,30,random,mt19937,28,2000031,3.977334309507034e-05,20007,False
gaussian_noise,30,random,mt19937,29,2000032,1.127360058669299e-05,20007,False
gaussian_noise,30,random,mt19937,30,2000033,8.56211418815947e-05,20007,False
